,text
0,"Renaissance lÃ  má»™t lá»±a chá»n lÃ½ tÆ°á»Ÿng cho nhá»¯ng ai muá»‘n táº­n hÆ°á»Ÿng ká»³ nghá»‰ thoáº£i mÃ¡i vÃ  tiá»‡n nghi. Náº±m táº¡i vá»‹ trÃ­ trung tÃ¢m thÃ nh phá»‘, khÃ¡ch sáº¡n dá»… dÃ ng tiáº¿p cáº­n cÃ¡c Ä‘iá»ƒm tham quan ná»•i tiáº¿ng, quÃ¡n cÃ  phÃª, nhÃ  hÃ ng vÃ  trung tÃ¢m mua sáº¯m. PhÃ²ng á»Ÿ Ä‘Æ°á»£c thiáº¿t káº¿ hiá»‡n Ä‘áº¡i, rá»™ng rÃ£i vÃ  ráº¥t sáº¡ch sáº½. CÃ¡c tiá»‡n nghi nhÆ° TV mÃ n hÃ¬nh pháº³ng, Ä‘iá»u hÃ²a, minibar vÃ  wifi miá»…n phÃ­ Ä‘á»u Ä‘Æ°á»£c trang bá»‹ Ä‘áº§y Ä‘á»§, Ä‘áº£m báº£o mang Ä‘áº¿n sá»± tiá»‡n lá»£i tá»‘i Ä‘a cho khÃ¡ch lÆ°u trÃº.Äáº·c biá»‡t, Ä‘á»™i ngÅ© nhÃ¢n viÃªn ráº¥t nhiá»‡t tÃ¬nh vÃ  chuyÃªn nghiá»‡p, luÃ´n sáºµn sÃ ng há»— trá»£ khi cáº§n thiáº¿t. Bá»¯a sÃ¡ng táº¡i khÃ¡ch sáº¡n cÅ©ng ráº¥t Ä‘Ã¡ng khen, vá»›i nhiá»u mÃ³n Äƒn phong phÃº vÃ  cháº¥t lÆ°á»£ng. KhÃ´ng gian nhÃ  hÃ ng thoÃ¡ng Ä‘Ã£ng vÃ  thoáº£i mÃ¡i, táº¡o cáº£m giÃ¡c dá»… chá»‹u khi thÆ°á»Ÿng thá»©c bá»¯a Äƒn."
1,"Má»™t buá»•i tá»‘i tuyá»‡t vá»i táº¡i RbarNay tÃ´i Ä‘Ã£ Ä‘áº¿n vÃ  thÆ°á»Ÿng thá»©c mÃ³n nÆ°á»›c táº¡i Rbar, tÃ´i Ä‘Æ°á»£c giá»›i thiá»‡u mÃ³n nÆ°á»›c má»›i táº¡i Ä‘Ã¢y Ä‘Ã³ lÃ  mÃ³n Ä‘Ã¡ me. Báº¡n nhÃ¢n viÃªn giá»›i thiá»‡u Ä‘Ã¢y mÃ³n nÆ°á»›c láº¥y cáº£m há»©ng tá»« mÃ³n Ä‘Ã¡ me khÃ¡ thÃº vá»‹ vÃ  nay tÃ´i Ä‘i Ä‘Ãºng hÃ´m cÃ³ buá»•i nháº¡c sá»‘ng cÃ¡c báº¡n hÃ¡t khÃ¡ hay. Tháº­t tuyá»‡t khi vá»«a thÆ°á»Ÿng thá»©c má»™t mÃ³n nÆ°á»›c má»›i vÃ  nghe nháº¡c, cáº£m Æ¡n cÃ¡c báº¡n nhÃ¢n viÃªn HÆ°Æ¡ng, Nat, Jimmy Ä‘Ã£ giá»›i mÃ³n nÆ°á»›c má»›i vÃ  phá»¥c vá»¥ chu Ä‘Ã¡o. TÃ´i sáº½ quay trá»Ÿ láº¡i Ä‘Ã¢y. :))"
2,"Pháº£i nÃ³i Ä‘Ã¢y lÃ  má»™t Ä‘á»‹a Ä‘iá»ƒm quÃ¡ lÃ½ tÆ°á»Ÿng cho háº¹n hÃ². MÃ¬nh Ä‘áº¿n Ä‘Ã¢y láº§n Ä‘áº§u, vÃ  pháº£i nÃ³i ráº¥t áº¥n tÆ°á»£ng bá»Ÿi Ä‘á»“ uá»‘ng cocktail á»Ÿ Ä‘Ã¢y, ráº¥t chuyÃªn nghiá»‡p, ráº¥t ngon. NhÃ¢n viÃªn phá»¥c vá»¥ á»Ÿ R Bar ráº¥t chá»‰nh chu trong tá»«ng cá»­ chá»‰, báº¡n PhÃºc Ä‘Ã£ lÃ m cho mÃ¬nh ly cocktail há»£p Ã½ nháº¥t tá»« trÆ°á»›c Ä‘áº¿n giá» chá»‰ qua má»™t vÃ i cÃ¢u há»i. HÆ°Æ¡ng vÃ  Nat cÅ©ng ráº¥t chu Ä‘Ã¡o vÃ  dá»… thÆ°Æ¡ng, thÃ¢n thiá»‡n. MÃ¬nh cháº¯c sáº½ quay láº¡i vÃ o cuá»‘i tuáº§n."
3,"Phá»¥c vá»¥ cháº¥t lÆ°á»£ng, niá»m ná»Ÿ vui váº». NhÃ¢n viÃªn nhiá»‡t tÃ¬nh, dá»… thÆ°Æ¡ng, hiáº¿u khÃ¡ch. ÄÃ¡nh giÃ¡ 5 sao, cháº¥t lÆ°á»£ng tuyá»‡t vá»i!!!!Tiáº¿p Ä‘Ã³n luÃ´n trong tráº¡ng thÃ¡i sáºµn sÃ ng, nhÃ¢n viÃªn tiáº¿ng anh giá»i, mÆ°á»i Ä‘iá»ƒmmmm!!!!!!!!!!!!!!!!!!!!!!!!!!!!!!!!!!!!!!"
4,GoodKoko excellent khÃ¡ch sáº¡n tá»‘t dá»‹ch vá»¥ tá»‘t nÃ¢hn viÃªn há»— trá»£ nhiá»‡t tÃ¬nh má»i thá»© Ä‘á»u tuyá»‡t vá»iGoodKoko excellent khÃ¡ch sáº¡n tá»‘t dá»‹ch vá»¥ tá»‘t nÃ¢hn viÃªn há»— trá»£ nhiá»‡t tÃ¬nh má»i thá»© Ä‘á»u tuyá»‡t vá»iGoodKoko excellent khÃ¡ch sáº¡n tá»‘t dá»‹ch vá»¥ tá»‘t nÃ¢hn viÃªn há»— trá»£ nhiá»‡t tÃ¬nh má»i thá»© Ä‘á»u tuyá»‡t vá»i
5,"KhÃ´ng gian chill, nhÃ¢n viÃªn phá»¥c vá»¥ dá»… thÆ°Æ¡ng, nÆ°á»›c ngon, mÃ¬nh Ä‘i vÃ o tá»‘i thá»© 6 cÃ³ nháº¡c acoustic ná»¯a nÃªn lÃ  chill dá»¯, háº¹n hÃ² trÃ² chuyá»‡n vá»›i nhau á»Ÿ Ä‘Ã¢y thÃ¬ mÃ¬nh nghÄ© lÃ  ráº¥t tuyá»‡t vá»i, náº±m ngay trung tÃ¢m quáº­n 1 ná»¯a nÃªn lÃ  ráº¥t lÃ  100 Ä‘iá»ƒm luÃ´n nhÃ©, Báº¡n Linh, Khang, Nat á»Ÿ Ä‘Ã¢y phá»¥c vá»¥ nhiá»‡t tÃ¬nh, há»— trá»£ háº¿t mÃ¬nh luÃ´n"
6,"KhÃ¡ch sáº¡n Renaissance tuyá»‡t vá»i vá»›i phong cÃ¡ch sang trá»ng, trang nhÃ£. KhÃ´ng gian thoÃ¡ng Ä‘Ã£ng ráº¥t thÃ­ch há»£p Ä‘á»ƒ trÃ² chuyá»‡n cÃ¹ng báº¡n bÃ¨, ngÆ°á»i thÃ¢n Thá»©c uá»‘ng ngon, Ä‘á»™c Ä‘Ã¡o. CÃ¡m Æ¡n cÃ¡c báº¡n nhÃ¢n viÃªn RBar Ä‘Ã£ support nhiá»‡t tÃ¬nh Ä‘áº·c biá»‡t lÃ  HÆ°Æ¡ng, Phá»¥ng."
7,"ChÃºng tÃ´i Ä‘Ã£ cÃ³ nhá»¯ng giÃ¢y phÃºt thÆ° giÃ£n tuyá»‡t vá»i á»Ÿ Ä‘Ã¢y. ThÃ­ch nháº¥t lÃ   ngá»“i dÃ¹ng bá»¯a sÃ¡ng táº¡i Club lounge táº§ng 18 vá»›i river view tháº­t bÃ¬nh yÃªn. Cáº£m Æ¡n cÃ¡c báº¡n staff dá»… thÆ°Æ¡ng (Mr. PhÃº- manager, Ms. Bich, Ms.Abbie). MÃ³n mÃ¬ xÃ o cÅ©ng ráº¥t ngon Ä‘á»‘i vá»›i tÃ´i. Cáº£m Æ¡n bá»™ pháº­n báº¿p!"
8,"Tá»‘i ngÃ y 16/8 tÃ´i cÃ³ tham gia buá»•i tiá»‡c ká»· niá»‡m thÃ nh láº­p cá»§a CÃ´ng Ty Cá»• Pháº§n Dá»‡t May ThÃ nh CÃ´ng. Cáº£m giÃ¡c Ä‘áº§u tiÃªn táº¡i bá»¯a tiá»‡c lÃ  má»™t khÃ´ng gian áº¥m cÃºng, trang trá»ng. CÃ¡c báº¡n nhÃ¢n viÃªn luÃ´n há»— trá»£ háº¿t mÃ¬nh Ä‘áº·c biá»‡t lÃ  báº¡n TrÃ¢m, báº¡n Thanh, báº¡n TÃ­nh luÃ´n cÃ³ máº·t Ä‘á»ƒ giÃºp Ä‘á»¡ ban tá»• chá»©c khi Ä‘Æ°á»£c yÃªu cáº§u. NgoÃ i ra thÃ¬ Ä‘á»“ Äƒn ráº¥t ngon nhÆ°ng do quÃ¡ nhiá»u mÃ³n vÃ  khÃ¡ no nÃªn tÃ´i váº«n chÆ°a thá»ƒ tráº£i nghiá»‡m Ä‘Æ°á»£c háº¿t."
9,"HÃ´m nay tÃ´i cÃ³ tráº£i nghiá»‡m Ä‘áº·c biá»‡t táº¡i du thuyá»n Ä‘Æ°á»£c phá»¥c vá»¥ bá»Ÿi Ä‘á»™i ngÅ© khÃ¡ch sáº¡n Renaissance! ChÃºng tÃ´i ráº¥t thÃ­ch cÃ¡c báº¡n nhÃ¢n viÃªn á»Ÿ Ä‘Ã¢y Ä‘áº·c biá»‡t lÃ  Linh, PhÆ°Æ¡ng, KhÆ°Æ¡ng. NgoÃ i ra trÃ  chiá»u khÃ¡ báº¯t máº¯t vÃ  ngon miá»‡ng. Hi vá»ng sáº½ cÃ³ cÆ¡ há»™i Ä‘áº¿n tráº£i nghiá»‡m dá»‹ch vá»¥ khÃ¡c táº¡i khÃ¡ch sáº¡n trong thá»i gian tá»›i!"
10,
11,TÃ´i Ä‘Ã£ cÃ³ 1 Ä‘Ãªm khÃ¡ thoáº£i mÃ¡i táº¡i Renaissance. KhÃ¡ch sáº¡n Ä‘Ã£ chuáº©n bá»‹ 1 pháº§n bÃ¡nh honeymoon ráº¥t ráº¥t ngon vÃ  tÃ´i cáº£m kÃ­ch vá» Ä‘iá»u Ä‘Ã³.KhÃ¡ch sáº¡n Ä‘Ã£ qua nhiá»u nÄƒm sá»­ dá»¥ng vá»›i ná»™i tháº¥t cá»• Ä‘iá»ƒn nhÆ°ng sáº£nh chÃ­nh Ä‘Æ°á»£c thiáº¿t káº¿ ráº¥t hiá»‡n Ä‘áº¡i. Vá»‹ trÃ­ quÃ¡ tuyá»‡t vá»i Ä‘á»ƒ Ä‘i dáº¡o Ä‘Ã¢u Ä‘Ã³!
12,"1 tráº£i nghiá»‡m tuyá»‡t vá»i vÃ  quÃ½ giÃ¡, khÃ´ng gian sang trá»ng vÃ  sáº¡ch sáº½. NhÃ¢n viÃªn thÃ¢n thiá»‡n vÃ  sáºµn sÃ ng giÃºp Ä‘á»¡, Ä‘áº·c biá»‡t lÃ  cÃ´ Gray Ä‘Ã£ tiáº¿p Ä‘Ã³n chÃºng tÃ´i trong thá»i gian qua. ÄÃ¢y thá»±c sá»± lÃ  nÆ¡i lÃ½ tÆ°á»Ÿng Ä‘á»ƒ nghá»‰ ngÆ¡i vÃ  thÆ° giÃ£n. Cháº¯c cháº¯n ráº±ng tÃ´i sáº½ trá»Ÿ láº¡i Ä‘Ã¢y cÃ¹ng vá»›i gia Ä‘Ã¬nh mÃ¬nh."
13,"Ä‘á»“ Äƒn ráº¥t há»£p kháº©u vá»‹, phá»¥c vá»¥ tá»‘t,khung cáº£nh Ä‘áº¹p vÃ  mÃ¡t máº». KhÃ´ng gian ráº¥t há»£p vá»›i bá»¯a tiá»‡c, ráº¥t vui tÆ°Æ¡i vÃ  má»›i máº». Ãnh sÃ¡ng Ä‘áº¹p chá»¥p hÃ¬nh Ä‘áº¹p. hÃ´m nay lÃ  má»™t tráº£i nghiá»‡m tuyá»‡t vá»i cá»§a tÃ´i á»Ÿ khÃ¡ch sáº¡n. báº§u khÃ´ng khÃ­ ráº¥t tuyá»‡t táº¡o cáº£m giÃ¡c thÃ¢n máº­t gia Ä‘Ã¬nh áº¥m cÃºng"
14,"Má»™t nÆ¡i ráº¥t lÃ½ tÆ°á»Ÿng Ä‘á»ƒ lÆ°u trÃº khi Ä‘áº¿n HCM. Táº¥t cáº£ nhÃ¢n viÃªn trong khÃ¡ch sáº¡n Ä‘á»u thÃ¢n thiá»‡n, nhiá»‡t tÃ¬nh Ä‘áº·c biá»‡t lÃ  cÃ¡c báº¡n á»Ÿ Club Lounge. CÃ³ báº¡n SuSu (wk) lÃ m Ä‘á»“ Äƒn ráº¥t ngon vÃ  luÃ´n luÃ´n nhiá»‡t tÃ¬nh phá»¥c vá»¥ thá»©c Äƒn cho gia Ä‘Ã¬nh mÃ¬nh. Ráº¥t cáº£m Æ¡n khÃ¡ch sáº¡n vÃ  Ä‘á»™i ngÅ© nhÃ¢n viÃªn Ä‘Ã£ Ä‘em Ä‘áº¿n cho mÃ¬nh tráº£i nghiá»‡m ráº¥t lÃ  hÃ i lÃ²ng, sáº½ quay láº¡i khi cÃ³ cÆ¡ há»™i â¤ï¸â¤ï¸"
15,"CÃ¹ng gia Ä‘Ã¬nh dÃ¹ng trÃ  chiá»u, ngáº¯m nhÃ¬n thÃ nh phá»‘ tháº­t nhá»™n nhá»‹p vÃ  sÃ´i Ä‘á»™ng. ThÆ°á»Ÿng thá»©c trÃ  vÃ  cÃ  phÃª tháº­t ngon. NhÃ¢n viÃªn phá»¥c vá»¥ vui váº», nhiá»‡t tÃ¬nh Ä‘áº·c biá»‡t lÃ  hai báº¡n Linh vÃ  HÆ°Æ¡ng.   KhÃ´ng gian quÃ¡n ráº¥t Ä‘áº¹p, sang trá»ng. Nhiá»u loáº¡i bÃ¡nh ngon vÃ  trang trÃ­ báº¯t máº¯t."
16,"Taro and Nguyen serving here are very warm and cheerful, the space here is very comfortable, the drinks here are delicious and beautifully decorated, the staff always smiles at customers."
17,"Service quality is good, especially the support staff - Ms. Ngoc has provided very enthusiastic and thoughtful support. Thank you Ms. Ngoc for always following the event closely and providing timely and quick support to help the program run smoothly. Hope to have the opportunity to return to Renaissance in the future and continue to receive support from Ms Ngoc"
18,"The smoothies here are very delicious, the space is very cozy and chill!!! Jade is enthusiastic, cute, the experience is extremely wonderful, indescribable, so lovely, so like it and will definitely come back, so come and experience!!! Other drinks are also very delicious!!! Loveeeeeee"
19,"Dat staff at Rbar created an extremely memorable experience for me at Renaissance Hotel. Not only is he trustworthy and professional, but he is also extremely friendly and enthusiastic. Dat is always willing to advise and meet all customer needs with great spirit and inspiration. His service exceeded my expectations and I had a truly enjoyable evening at Rbar thanks to Dat's dedicated service. I will definitely be back and encourage everyone to visit Rbar to meet great staff like Dat."
20,"Arriving at rbar the day before Christmas, I happened to be walking around and saw that inside the hotel there was a bar and acoustic music so I stopped by to check it out. I had a cocktail and was invited by Long the bartender at the counter to have a cocktail for Christmas, it tasted quite good. In addition, other friends like Ngoc, Phuong and Nhi also chatted which made me feel very happy. Have a holly jolly Christmas!!!"
21,"The bar atmosphere is cozy and quiet. Ms. Nhi is enthusiastic, friendly and cheerful with everyone. The price is suitable for the price. Luxurious and suitable facilities. Drinks are very delicious, there are many types to choose from for each group of people"
22,"Beautiful hotel, warm atmosphere, enthusiastic and cute staff, 10 VND for service. Especially Mr. Dat always takes care of guests when needed. If he has the opportunity to visit, he will definitely choose the hotel for the next time"
23,"I felt very great when I arrived at the hotel. I went to the bar and felt that the staff were very enthusiastic, especially Ms. Nhi, who was enthusiastic in giving advice. The drinks are also delicious and the space is spacious and airy. Will come next time"
24,"I have a meeting with a client at the Renaissance Hotel. The quiet space is suitable for business meetings, the drinks and service from the staff at the Rbar coffee bar in the hotel lobby are very good. Thank you, staff Linh, for serving us wholeheartedly. Will come back often and stay here if given the opportunity."
25,"Enthusiastic support staff, attentive service, great customer support, clean and luxurious food. Prime location, right in the heart of District 1. Will recommend to friends and colleagues to visit the hotel and restaurant."
26,Thank you to the service staff for your enthusiastic and timely support throughout the meeting when additional problems arose. Food and drinks were carefully prepared for attendees. The room was fully equipped to serve guests. meeting service
27,The hotel's staff are always on hand to assist with meeting issues so that meetings can take place smoothly. Great food and drinks and attentive and cheerful staff. Will come back in the future
28,"My meeting today at the Renaissance Hotel was truly wonderful. The meeting was carefully prepared, with a view of the city center. The food also suits my taste. In particular, what makes me most satisfied is the great care from the staff. If I have a chance, I will definitely come back here"
29,"Today, I have a meeting at the Renaissance Riverside Saigon hotel. I feel very satisfied with the food, drinks and service style of the staff at the hotel. If I have the chance, I will definitely come back to experience it."
30,"ThÃ¡i Ä‘á»™ phá»¥c vá»¥ tá»‘t, nhÃ¢n viÃªn nhiá»‡t tÃ¬nh, chu Ä‘Ã¡o. LuÃ´n há»— trá»£ Ä‘Ã¡p á»©ng cÃ¡c yÃªu cáº§u cho chÃºng tÃ´i má»™t cÃ¡ch tá»‘t nháº¥t vá» máº·t ká»¹ thuáº­t hay phá»¥c vá»¥View phÃ²ng há»p Ä‘áº¹p, khÃ´ng gian rá»™ng rÃ£i, thoÃ¡ng mÃ¡t, sáº¡ch sáº½"
31,"PhÃ²ng há»p view Ä‘áº¹p , mÃ¡t .CÃ¡c báº¡n nhÃ¢n viÃªn phá»¥c vá»¥ , há»— trá»£ nhiá»‡t tÃ¬nh vui váº» tá»« lÃºc mÃ¬nh Ä‘áº¿n táº¡o cho mÃ¬nh vÃ  cÃ¡c thÃ nh viÃªn trong nhÃ³m cáº£m giÃ¡c thoáº£i mÃ¡i á»Ÿ Ä‘Ã¢y ,  cÃ¡c mÃ³n Äƒn trÆ°a vÃ  giá» giáº£i lao ráº¥t ngon miá»‡ng"
32,"MÃ¬nh dc nÃ¢ng cáº¥p lÃªn phÃ²ng hÆ°á»›ng sÃ´ng view cá»§a phÃ²ng ráº¥t tuyá»‡t vá»i. Cáº£m Æ¡n báº¡n JAX, anh Khang Ä‘Ã£ ráº¥t nhiá»‡t tÃ¬nh vÃ  chu Ä‘Ã¡o. MÃ¬nh sáº½ quay láº¡i Ä‘Ã¢y vÃ o láº§n tá»›i. Cáº£m Æ¡n cÃ¡c báº¡n ráº¥t nhiá»u. Thank you so much"
33,"Team banquet ráº¥t nhiÃªt tÃ¬nh vÃ  phá»‘i há»£p vá»›i team events cá»§a cÃ´ng ty mÃ¬nh ráº¥t nhanh nháº¹n vÃ  chu Ä‘Ã¡o. Má»i ngÆ°á»i ráº¥t vui váº» khi cÃ³ nhá»¯ng trÆ°á»ng há»£p báº¥t ngá» xÃ£y Ä‘áº¿n vÃ  giáº£i quyáº¿t ráº¥t nhanh chÃ³ng. Äáº·c biá»‡t lÃ : Nháº­t, TrÃ¢m, Trinh, Nghi, TÃ­nh."
34,"NhÃ¢n viÃªn  cá»§a  khÃ¡ch sáº¡n há»— trá»£ nhiá»‡t tÃ¬nh , phuc vá»¥ tá»‘t trong buá»•i há»p hÃ´m nay , khi tÃ´i Ä‘áº¿n sá»›m Ä‘Æ°á»£c cÃ¡c báº¡n nhÃ¢n viÃªn má»i cÃ  phÃª vÃ  trÃ   cÃ¡c mÃ³n Äƒn buá»•i sÃ¡ng vÃ  buá»•i  ráº¥t ngon Ä‘Æ°á»£c trang trÃ­ Ä‘áº¹p ."
35,"TÃ´i cÃ³ má»™t cuá»™c há»p Ä‘Æ°á»£c diá»…n ra táº¡i khÃ¡ch sáº¡n Renaissance Reverside. áº¤n tÆ°á»£ng Ä‘áº§u tiÃªn khi tháº¥y sá»± phá»¥c vá»¥ chu Ä‘Ã¡o, cáº©n tháº­n cá»§a cÃ¡c nhÃ¢n viÃªn: TrÃ¢m, Thanh, HoÃ i. CÃ¡c báº¡n quan tÃ¢m khÃ¡ch tá»« lÃºc má»›i tá»›i Ä‘áº¿n khi ra vá». NgoÃ i ra tÃ´i cÅ©ng tháº¥y ráº¥t hÃ i lÃ²ng vá» Ä‘á»“ Äƒn cÅ©ng nhÆ° buá»•i há»p Ä‘Æ°á»£c chuáº©n bá»‹ chu Ä‘Ã¡o."
36,"CÃ¡c mÃ³n Äƒn nháº¹ giá»¯a giá» há»p vÃ  buá»•i á»Ÿ Ä‘Ã¢y ráº¥t ngon vÃ  trang trÃ­ ráº¥t Ä‘áº¹p , phÃ²ng há»p thoÃ¡ng mÃ¡t cÃ³ view bá» sÃ´ng sÃ i gÃ²n Ä‘áº¹p , nhÃ¢n viÃªn khÃ¡ch sáº¡n thÃ¢n thiá»‡n nhiá»‡t tÃ¬nh phá»¥c vá»¥ tá»‘t trong thá»i gian diá»…n ra"
37,"Phá»¥c vá»¥ tá»‘t, nhÃ¢n viÃªn dá»… thÆ°Æ¡ng, Ä‘á»“ Äƒn ngon vÃ  phong phÃº, Ä‘a dáº¡ng vá»›i nhiá»u sá»± lá»±a chá»n. NhÃ¢n viÃªn vui váº» hoÃ  Ä‘á»“ng. KhÃ´ng gian sang trá»ng, trÃ¡ng lá»‡. CÃ¡c dá»‹ch vá»¥/ tiá»‡n Ã­ch cá»§a khÃ¡ch sáº¡n cÅ©ng tá»‘t. Háº§u nhÆ° Ä‘á»u Ä‘á»“ má»›i. Lá»‹ch sá»± vÃ  sáº½ quay trá»Ÿ láº¡i sá»›m. Ráº¥t tá»‘t."
38,"VÃ o ngÃ y cuá»‘i tuáº§n, mÃ¬nh Ä‘áº¿n renaissace uá»‘ng nÆ°á»›c. NÆ°á»›c ráº¥t ngon, nhÃ¢n viÃªn Nhi, PhÆ°Æ¡ng, Mocha nhiá»‡t tÃ¬nh, dá»… thÆ°Æ¡ng, nháº¡c saxophone hay, khÃ´ng gian sáº¡ch sáº½MÃ¬nh ráº¥t thÃ­ch mÃ³n capuchino á»Ÿ Ä‘Ã¢y, giÃ¡ tiá»n cÅ©ng phÃ¹ há»£p."
39,"Äá»“ uá»‘ng táº¡m Ä‘Æ°á»£c. BÃ¡nh hÆ¡i ngá»t vÃ  dÃ¢u tÃ¢y khÃ´ng Ä‘Æ°á»£c tÆ°Æ¡i - mÃ¬nh dÃ¹ng á»Ÿ Lobby Lounge. NhÃ¢n viÃªn trÃªn táº§ng 21 há»“ bÆ¡i khÃ´ng thÃ¢n thiá»‡n , lÃºc mÃ¬nh lÃªn Ä‘Æ°á»£c welcome bá»Ÿi anh nhÃ¢n viÃªn ngÆ°á»i nÆ°á»›c ngoÃ i, nhÆ°ng vÃ¬ cháº¯c do báº­n nÃªn khÃ´ng tiáº¿p nÃªn mÃ¬nh xuá»‘ng lobby dÃ¹ng nÆ°á»›c. NhÃ¢n viÃªn chu Ä‘Ã¡o nhiá»‡t tÃ¬nh."
40,"HÃ´m nay tÃ´i cÃ³ má»™t cuá»™c há»p táº¡i khÃ¡ch sáº¡n, tÃ´i cáº£m tháº¥y thÃ¡i Ä‘á»™ nhÃ¢n viÃªn ráº¥t tá»‘t, luÃ´n take care tá»›i khÃ¡ch hÃ ng. Tráº¡ng thÃ¡i luÃ´n vui váº», nhiá»‡t tÃ¬nh. TÃ´i cáº£m tháº¥y hÃ i lÃ²ng vá» cÃ¡c dá»‹ch vá»¥ táº¡i khÃ¡ch sáº¡n"
41,"KhÃ´ng gian quáº§y bar sang trá»ng , view chá»¥p hÃ¬nh sá»‘ng áº£o Ä‘áº¹p , nhÃ¢n viÃªn vui váº»  phá»¥c vá»¥ nhiá»‡t tÃ¬nh chu Ä‘Ã¡o . CÃ¡c mÃ³n bÃ¡nh trÃ  chiá»u Ä‘Æ°á»£c bÃ y trÃ­ Ä‘áº¹p vÃ  ráº¥t ngon .Táº¡i Ä‘Ã¢y tÃ´i Ä‘Æ°á»£c My tÆ° váº¥n cho mÃ³n cocktail má»›i cá»§a khÃ¡ch sáº¡n ""Melbpresso"" -  so good . TÃ´i sáº½ quay trá»Ÿ láº¡i Ä‘Ã¢y cÃ¹ng gia Ä‘Ã¬nh vÃ  báº¡n bÃ¨"
42,HÃ´m nay tÃ´i may máº¯n Ä‘Æ°á»£c tráº£i nghiá»‡m má»™t loáº¡i cocktail má»›i tá»« Bartender táº¡i Pool Bar Renaissance. Nam Ä‘Ã£ lÃ m cho tÃ´i mÃ³n mÃ  anh áº¥y Ä‘Ã£ sÃ¡ng táº¡o ra Ä‘á»ƒ táº·ng tÃ´i. Cáº£m Æ¡n Nam vÃ  team Ä‘Ã£ phá»¥c vá»¥ ráº¥t tá»‘t vÃ  nhiá»‡t tÃ¬nh. KhÃ¡ch sáº¡n ráº¥t sáº¡ch dÃ¹ Ä‘Ã£ xÃ¢y dá»±ng ráº¥t lÃ¢u Ä‘á»i.TÃ´i sáº½ quay láº¡i khi cÃ³ cÆ¡ há»™i.
43,Sá»± kiá»‡n VIB á»Ÿ KS Renaisssance hotelÄá»“ Äƒn vá»«a vá»‹. KhÃ´ng gian thoÃ¡ng mÃ¡t v sáº¡ch Ä‘áº¹p vÃ  sang trá»ng. ThÃ­ch há»£p Ä‘á»ƒ tá»• chá»©c nhá»¯ng buá»•i Sá»± kiá»‡n v workshop. NhÃ¢n viÃªn Ã¢n cáº§n chu Ä‘Ã¡o v ráº¥t lá»‹ch sá»±. TÃ´i tháº­t sá»± ráº¥t hÃ i lÃ²ng
44,HÃ´m nay tÃ´i cÃ³ tham dá»± giáº£i Ä‘áº¥u golf 2023 vÃ  Ä‘Æ°á»£c tráº£i nghiá»‡m mÃ³n moctail Melbpresso cá»§a ks Renaissance vá»‹ hÆ¡i nháº¡t nhÆ°ng háº­u Ä‘áº¯ng vá»‹ ngá»t vÃ  thÆ¡m mÃ¹i cá»§a Kahlua.Hai báº¡n nhÃ¢n viÃªn nhiá»‡t tÃ¬nh há»— trá»£ lÃ  Khang vÃ  KhÆ°Æ¡ng
45,"Äá»™i ngÅ© tuyá»‡t vá»i táº¡i RBar; ChÃ¢u, Linh, Vy, PhÆ°Æ¡ng thá»±c sá»± hoÃ n thÃ nh má»™t ngÃ y cá»§a tÃ´i sau giá» lÃ m viá»‡c cÄƒng tháº³ng. Má»i ngÆ°á»i mang nÄƒng lÆ°á»£ng tÃ­ch cá»±c, nÄƒng Ä‘á»™ng vÃ  tháº¥u cáº£m mang láº¡i tiáº¿ng cÆ°á»i chá»¯a lÃ nh tÃ¢m trÃ­ tÃ´i. KhÃ´ng gian vÃ  Ã¢m nháº¡c, táº¡o khÃ´ng khÃ­ phÃ¹ há»£p Ä‘á»ƒ thÆ° giÃ£n sau má»™t ngÃ y lÃ m viá»‡c"
46,"Tráº£i nghiá»‡m tiá»‡c trÃ  ráº¥t tuyá»‡t, cÃ¡c báº¡n nhÃ¢n viÃªn Nháº­t, TrÃ¢m, Thanh, â€¦â€¦â€¦â€¦â€¦. ráº¥t dá»… thÆ°Æ¡ng chu Ä‘Ã¡o vÃ  chuyÃªn nghiá»‡p, khÃ´ng gian lÃ£ng máº¡n,â€¦â€¦â€¦â€¦ trÃ  ngon bÃ¡nh ngon vÃ  tranh ráº¥t Ä‘áº¹p cÃ¡c báº¡n nhÃ¢n viÃªn bÃªn MÃ©o há»— trá»£ nhiá»‡t tÃ¬nh"
47,"NhÃ¢n viÃªn vui váº», nhiá»‡t tÃ¬nh. Ly cafe cÃ³ pháº§n Ä‘áº·c biá»‡t vá»›i 1 kÃ½ tá»± tÃªn cá»§a khÃ¡ch hÃ ng. KhÃ´ng gian Ä‘áº¹p. CÃ³ ca nháº¡c thÆ° giÃ£n. Cáº£m Æ¡n Vy, Thanh vÃ  ChÃ¢u vÃ¬ 1 buá»•i tá»‘i vui váº». CÃ³ tivi chiáº¿u trá»±c tiáº¿p world cup."
48,"áº¤n tÆ°á»£ng Ä‘áº§u tiÃªn lÃ  phÃ²ng tiá»‡c cÃ³  2 view ThÃ nh phá»‘ vÃ  báº¿n báº¡ch Ä‘áº±ng chá»¥p hÃ¬nh ráº¥t Ä‘áº¹p , khÃ´ng gian nhÃ¬n ráº¥t sang trá»ng , Ä‘á»“ Äƒn thÃ¬ tuyá»‡t vá»i mÃ³n nÃ o cÅ©ng ngon NhÃ¢n viÃªn phá»¥c vá»¥ táº­n tÃ¬nh chu Ä‘Ã¡o , cáº£m Æ¡n ThÃ¡i Thanh , Trung TÃ­nh vÃ  PhÆ°á»›c"
49,"Äá»“ Äƒn tÆ°Æ¡i ngon, dá»‹ch vá»¥ chÄƒm sÃ³c khÃ¡ch hÃ ng tá»‘t. NhÃ¢n viÃªn ráº¥t nhiá»‡t tÃ¬nh vÃ  luÃ´n cÃ³ máº·t. KhÃ¡ch sáº¡n view Ä‘áº¹p vÃ  náº±m á»Ÿ trung tÃ¢m, ráº¥t phÃ¹ há»£p. Báº¡n KhÆ°Æ¡ng, Thanh, TÃ­nh, Ã‚u phá»¥c vá»¥ ráº¥t nhiá»‡t tÃ¬nh, luÃ´n chÄƒm sÃ³c khÃ¡ch hÃ ng tá»‘t trong buá»•i há»™i tháº£o vÃ  trong thá»i gian tea break."
50,"Phá»¥c vá»¥ nhiá»‡t tÃ¬nh, chÄƒm sÃ³c khÃ¡ch hÃ ng tá»‘t trong suá»‘t quÃ¡ trÃ¬nh diá»…n ra há»™i tháº£o. Thá»©c Äƒn cho buá»•i tea break ráº¥t ngon, Ä‘Æ°á»£c phá»¥c vá»¥ Ä‘Ãºng giá». Äáº·c biá»‡t lÃ  ba báº¡n KhÆ°Æ¡ng, PhÃº,Ã‚u Ä‘Ã£ take care khÃ¡ch hÃ ng ráº¥t tá»‘t trong thá»i gian diá»…n ra há»™i tháº£o cÅ©ng nhÆ° trong cÃ¡c buá»•i tea break."
51,"Buá»•i chiá»u vui váº» táº¡i quáº§y bar  khÃ¡ch sáº¡n Renaissance. KhÃ´ng gian áº¥m Ã¡p, thá»±c Ä‘Æ¡n nÆ°á»›c Ä‘a dáº¡ng ngoÃ i ra cÃ²n cÃ³ snack menu. NhÃ¢n viÃªn nhiá»‡t tÃ¬nh vui váº» vÃ  thÃ¢n thiá»‡n. Dá»‹ch vá»¥ tuyá»‡t vá»i.Ráº¥t cáº£m Æ¡n cÃ¡c báº¡n Jade, Linh, HÃ¢n, Vy"
52,"KhÃ´ng gian Ä‘áº¹p , Ã¢m thanh Ã¡nh sÃ¡ng tuyá»‡t vá»i , cÃ¡c báº¡n nhÃ¢n viÃªn support tá»‘t: Linh, Nhi, HÃ¢n, Long, ThanhÄá»“ uá»‘ng vÃ  thá»©c Äƒn ngon tá»‘i hÃ´m qua mÃ¬nh Ä‘Ã£ cÃ³ má»™t Ä‘Ãªm tuyá»‡t vá»i táº¡i Rbar cá»§a khÃ¡ch sáº¡n Renaissance River Hotel SÃ i GÃ²n"
53,"Thanks Renaissance River Hotel Sai Gon Ä‘Ã£ mang Ä‘áº¿n  nhá»¯ng mÃ³n Äƒn ngon táº¡i BIS CÃ¡c báº¡n nhÃ¢n viÃªn lÃ m tÃ´i ráº¥t hÃ i lÃ²ng , tuyá»‡t vá»i , há»— trá»£ cÃ¡c bÃ© ráº¥t nhiá»‡t tÃ¬nh: TrÃ¢m, Thanh Nhi, PhÆ°á»›cCáº¢M Æ N Táº¤T Cáº¢ CÃC Báº N"
54,"Náº±m ngay trung tÃ¢m SÃ i GÃ²n , khÃ´ng gian thoÃ¡ng mÃ¡t , yÃªn tÄ©nh phÃ¹ há»£p lÃ  nÆ¡i gáº·p gá»¡ báº¡n bÃ¨ vÃ o chá»§ nháº­t . CÃ¡c mÃ³n Äƒn nháº¹ Ä‘Æ°á»£c trang trÃ­ Ä‘áº¹p vÃ  ráº¥t ngon , tÃ´i ráº¥t thÃ­ch cafe á»Ÿ Rbar . NhÃ¢n viÃªn Linh, HÃ¢n , Yáº¿n Nhi , My , Vy thÃ¢n thiá»‡n vui váº» , phá»¥c vá»¥ ráº¥t tá»‘t."
55,"VÃ o cuá»‘i tuáº§n mÃ¬nh thÆ°á»ng uá»‘ng Latte táº¡i sáº£nh khÃ¡ch sáº¡n Renaissance. CÃ¹ng vá»›i chiáº¿c bÃ¡nh lÃ¡ dá»©a ráº¥t ngon. KhÃ´ng gian thoÃ¡ng mÃ¡t vÃ  thoáº£i mÃ¡i. NgoÃ i ra cÃ²n ráº¥t yÃªn tÄ©nh. Cáº£m Æ¡n báº¡n Nhi vÃ  HÃ¢n, Vy, Linh Ä‘Ã£ phá»¥c vá»¥ mÃ¬nh ráº¥t tá»‘t. MÃ¬nh sáº½ quay trá»Ÿ láº¡i Ä‘Ã¢y thÆ°á»ng xuyÃªn."
56,"All nhÃ¢n viÃªn á»Ÿ khÃ¡ch sáº¡n Renaissance ráº¥t vui váº» vÃ  nhiá»‡t tÃ¬nh. Khi Ä‘áº¿n Ä‘Ã¢y tÃ´i Ä‘Æ°á»£c báº¡n Thanh vÃ  team ""Yáº¿n Nhi, Thanh Vy, Ã‚u, TÃ­nh, Taro, My, Minh Nháº­t, Vinh' há»— trá»£ ráº¥t nhiá»u trong lÃºc workshop diá»…n ra."
57,"KhÃ¡ch sáº¡n há»— trá»£ ráº¥t nhiá»‡t tÃ¬nh cho ban tá»• chá»©c , trang thiáº¿t bá»‹ Ä‘áº§y Ä‘á»§ , khÃ´ng gian vÃ  view chá»¥p áº£nh ráº¥t Ä‘áº¹p , cáº£m Æ¡n Thanh há»— trá»£ kÄ© thuáº­t Ã¢m thanh vÃ  team banquet Ã‚u , TÃ­nh , Yáº¿n Nhi , Minh Nháº­t ráº¥t nhiá»u ."
58,"Sá»± kiá»‡n táº¡i láº§u 5 khÃ¡ch sáº¡n Renaissance , Ä‘Æ°á»£c khÃ¡ch sáº¡n há»— trá»£ tá»« Ã¢m thanh , Ã¡nh sÃ¡ng Ä‘áº¿n mÃ¡y chiáº¿u.Cáº£m Æ¡n nhÃ¢n viÃªn Thanh , TÃ­nh , Ã‚u, My , Yáº¿n Nhi , Minh Nháº­t Ä‘Ã£ há»— trá»£ nhiá»‡t tÃ¬nh Ä‘á»ƒ buá»•i workshop diá»…n ra thÃ nh cÃ´ng."
59,"TÃ´i Ä‘áº¿n tham dá»± event á»Ÿ khÃ¡ch sáº¡n Renaissance tÃ´i tháº¥y khÃ´ng gian á»Ÿ Ä‘Ã¢y áº¥m Ã¡p vá»›i viáº¿ng trá»i cao thoÃ¡ng mÃ¡t vá»›i sá»± há»— trá»£ tá»« nhÃ¢n viÃªn Banquet. Cáº£m Æ¡n cÃ¡c báº¡n Vy, Thanh, PhÆ°Æ¡ng, TrÃ¢m, Ã‚u, Yáº¿n Nhi, TÃ­nh, Nháº­t ráº¥t nhiá»u"
60,"KhÃ´ng gian khÃ¡ch sáº¡n rá»™ng rÃ£i, sang trá»ng theo phong cÃ¡ch phÆ°Æ¡ng TÃ¢y , mÃ¡t máº», Ä‘áº¹p Ä‘áº½, sáº¡ch sáº½. NhÃ¢n viÃªn nhiá»‡t tÃ¬nh, phá»¥c vá»¥ chu Ä‘Ã¡o, nghiÃªm tÃºc vá»›i cÃ´ng viá»‡cEmployee name: Vy, Thanh, Yáº¿n Nhi, TÃ­nh, TrÃ¢m, Nháº­t, My"
61,"HÃ´m nay ghÃ© Renaissance sÃ i gÃ²n Ä‘á»ƒ tham gia sá»± kiá»‡n cá»§a Tiktok. KhÃ¡ch sáº¡n Ä‘áº¹p, sáº¡ch sáº½, chuyÃªn nghiá»‡p. NhÃ¢n viÃªn banquet Vy, Ã‚u, Thanh, Yáº¿n Nhi, TÃ­nh, Minh Nháº­t, TrÃ¢m ráº¥t chu Ä‘Ã¡o, chÄƒm sÃ³c táº­n tÃ¬nh. Highly recommend má»i ngÆ°á»i tráº£i nghiá»‡m nha"
62,"Dá»‹ch vá»¥ tá»‘t, Ä‘á»‹a Ä‘iá»ƒm khÃ¡ thoÃ¡ng, view ráº¥t Ä‘áº¹p vÃ  khÃ´ng gian sáº£nh áº¥n tÆ°á»£ng khÃ¡c biá»‡t vá»›i cÃ¡c khÃ¡ch sáº¡n khÃ¡c. NhÃ¢n viÃªn bÃªn khÃ¡ch sáº¡n ráº¥t thÃ¢n thiá»‡n, nhiá»‡t tÃ¬nh luoin há»— trá»£ bÃªn mÃ¬nh Ä‘á»ƒ cÃ³ buá»•i workshop thÃ nh cÃ´ng. Cáº£m Æ¡n Thanh, Ã‚u, My, Vy, Yáº¿n Nhi,â€¦. ráº¥t nhiá»u nha."
63,"HÃ´m nay mÃ¬nh cÃ³ má»™t buá»•i workshop máº·t táº¡i láº§u 5 cá»§a khÃ¡ch sáº¡n. KhÃ´ng gian ráº¥t thoÃ¡ng, áº¥m Ã¡p. má»t thá»© Ä‘á»u Ä‘Æ°á»£c chuáº©n bá»‹ ráº¥t tá»‘t. hÃ¬nh áº£nh, Ã¢m thanh,.. CÃ¡c báº¡n nhÃ¢n viÃªn cá»§a bÃªn khÃ¡ch san nhiá»‡t tÃ¬nh, cÃ¡m Æ¡n Thanh vÃ  cÃ¡c báº¡n Ã‚u, Vy, Yáº¿n Nhi cÃ¹ng cáº£ team Ä‘Ã£ há»— trá»£ chÃºng mÃ¬nh."
64,"KhÃ´ng gian sang trá»ng, thiáº¿t káº¿ Ä‘á»™c Ä‘Ã¡o, dá»‹ch vá»¥ tá»‘t. CÃ¡c báº¡n nhÃ¢n viÃªn ( TÃ­nh,Yáº¿n Nhi, Thanh, Vy , Ã‚u, My, TrÃ¢m) ráº¥t nhiá»‡t tÃ¬nh, thÃ¢n thiá»‡n vÃ  luÃ´n há»— trá»£ tÃ´i má»—i khi tÃ´i cáº§n. Renaissance sáº½ lÃ  sá»± lá»±a chá»n cá»§a tÃ´i. MÃ£i yÃªu team banquetâ¤ï¸"
65,"TÃ´i Ä‘Æ°á»£c tham gia event á»Ÿ Renaissance vá»›i khÃ´ng gian viáº¿ng trá»i tháº­t thoáº£i mÃ¡i cÃ¹ng vá»›i sá»± phá»¥c vá»¥c táº­n tÃ¬nh, vui váº» cá»§a cÃ¡c báº¡n nhÃ¢n viÃªn Vy, My, Thanh, PhÆ°Æ¡ng, Ã‚u, TrÃ¢m, Minh Nháº­t, TÃ­nh,Yáº¿n NhiThanks"
66,"KhÃ´ng gian Ä‘Æ°á»£c bÃ y trÃ­ ráº¥t Ä‘áº¹p cÃ³ view chá»¥p hÃ¬nh sá»‘ng áº£o ráº¥t tuyá»‡t . Äá»™i ngÅ© kÄ© thuáº­t vÃ  nhÃ¢n viÃªn há»— trá»£ event ráº¥t nhiá»‡t tÃ¬nh , cáº£m Æ¡n cÃ¡c báº¡n Ã‚u , Trung Nháº­t , Minh Nháº­t , Ã‚u , Thanh , Yáº¿n Nhi , Má»¹ ráº¥t nhiá»u"
67,"Event NEXT GEN INFUENCERS táº¡i khÃ¡ch sáº¡n Renaissance diá»…n ra thÃ nh cÃ´ng , Ä‘Æ°á»£c há»— trá»£ tá»« Ã¢m thanh Ã¡nh sÃ¡ng Ä‘áº¿n mÃ n hÃ¬nh chiáº¿u .NhÃ¢n viÃªn Thanh , VÅ© , Yáº¿n Nhi ,Ã‚u , TrÃ¢m , TÃ­nh , Minh Nháº­t há»— trá»£ nhiá»‡t tÃ¬nh trong event"
68,"ÄÄƒng, ThÃ nh, Nghi, KhÆ°Æ¡ng, My, SÆ¡n, PhÆ°Æ¡ng, TÃ­nh. Cáº£m Æ¡n cÃ¡c báº¡n trong buá»•i tá»‘i hÃ´m nay phá»¥c vá»¥ tÃ¢n tÃ¬nh vÃ  vui váº». Äá»“ Äƒn ngon nháº¡c hay khÃ´ng gian sang trá»ng. Láº§n tá»›i sáº½ giá»›i thiá»‡u báº¡n bÃ¨ vÃ  gia Ä‘Ã¬nh ghÃ© Ä‘áº¿n"
69,"Cáº£m Æ¡n ÄÄƒng, ThÃ nh, Nghi, PhÆ°á»›c, SÆ¡n, TÃ­nh, Vinh, My, SÆ¡n phá»¥c vá»¥ nhiá»‡t tÃ¬nhÄá»“ Äƒn ngon , vá»«a miá»‡ng, phá»¥c vá»¥ nhiá»‡t tÃ¬nh, vui váº» , thÃ¢n thiá»‡n, nhÃ  hÃ ng cao cáº¥p, khÃ´ng gian sang trá»ng, sáº½ giá»›i thiá»‡u báº¡n bÃ¨"
70,"Láº§n Ä‘áº§u tiÃªn tham dá»± cuá»™c há»p táº¡i khÃ¡ch sáº¡n Renaissance, tÃ´i ráº¥t á»©ng tÆ°á»£ng bá»Ÿi khÃ´ng gian táº¡i Rbar á»Ÿ sáº£nh, thá»©c uá»‘ng ráº¥t ngon vÃ  nhÃ¢n viÃªn cá»±c kÃ¬ nhiá»‡t tÃ¬nh Ä‘áº·c biá»‡t cáº£m Æ¡n Linh, Vy vÃ  Thanh. KhÃ´ng gian phÃ²ng há»p thoÃ¡ng Ä‘áº£ng vÃ  chuyÃªn nghiá»‡p Ä‘Æ°á»£c phá»¥c vá»¥ bá»Ÿi cÃ¡c báº¡n TrÃ¢m, TÃ­nh,Vinh. Cáº£m Æ¡n cÃ¡c báº¡n ráº¥t nhiá»u"
71,"KhÃ´ng gian Ä‘áº¹p , áº¥m cÃºng , phu há»£p vá»›i trÃ² chuyá»‡n gia Ä‘Ã¬nh , cÃ´ng viá»‡c Thá»©c uá»‘ng ngon , Ä‘á»“ Äƒn ngon , phá»¥c vá»¥ tá»‘tCáº£m Æ¡n báº¡n Má»¹ Linh vÃ  Thanh Vy vÃ  Thanh Ä‘Ã£ phá»¥c vá»¥ mÃ¬nh tá»‘t.MÃ¬nh sáº½ ghÃ© láº¡i vÃ  thÆ°á»Ÿng thá»©c nhá»¯ng mÃ³n khÃ¡c"
72,"Äá»“ Äƒn trang trÃ­ Ä‘áº¹p ,mÃ³n nÃ o cÅ©ng ráº¥t ngon vÃ  ráº¥t tuyá»‡t vá»i cÃ¹ng vá»›i rÆ°á»£u vang , nhÃ¢n viÃªn  tiá»‡c chuyÃªn nghiá»‡p, táº­n tÃ¬nh chu Ä‘Ã¡o , cÃ¡c báº¡n TÃ­nh , My , Ã‚u , Thanh ,Yáº¿n Nhi ,TrÃ¢m ,phá»¥c vá»¥ ráº¥t tá»‘t cáº£ buá»•i tiá»‡c."
73,"HÃ´m nay tÃ´i cÃ³ dá»‹p Ä‘Æ°á»£c dá»± cuá»™c há»p Seko meeting WE ARE ALL ONE KhÃ´ng gian tuyá»‡t vá»i, mÃ¹i hÆ°Æ¡ng thÆ¡m â€¦ CÃ¡c báº¡n nhÃ¢n viÃªn NICE: HoÃ ng PhÆ°Æ¡ng, Báº£o TrÃ¢m, Trung TÃ­nh, Quang Vinh, TrÃ  My Cáº£m Æ¡n táº¥t cáº£ cÃ¡c báº¡n"
74,"TÃ´i ráº¥t hÃ i lÃ²ng vá» khÃ´ng gian cá»§a phÃ²ng tiá»‡c, cÃ³ view Ä‘áº¹p, cÃ¡c báº¡n staff ráº¥t nhiá»‡t tÃ¬nh, há»— trá»£ chÃºng tÃ´i setup  ráº¥t nhiá»u, take care ráº¥t tá»‘t, ráº¥t mong dinner tá»‘i nay thÃ nh cÃ´ng tá»‘t Ä‘áº¹p, cáº£m Æ¡n cÃ¡c báº¡n staff Long, TrÃ¢m, TÃ­nh, Vinh, HoÃ ng Ä‘Ã£ há»— trá»£"
75,"Cáº£m Æ¡n Thanh, PhÆ°á»›c, Ã‚u, My, Minh Nháº­t Ä‘Ã£ há»— trá»£ tá»¥i mÃ¬nh setup há»p, tiá»‡c tá»‘i vÃ  chuáº©n bá»‹ teabreak trong hai ngÃ y qua. View phÃ²ng há»p ráº¥t Ä‘áº¹p  cÃ³ thá»ƒ nhÃ¬n ra cáº£ sÃ´n vÃ  thÃ nh phá»‘. Äá»“ Äƒn ngon vÃ  phá»¥c vá»¥ tá»‘t. CÃ¡m Æ¡n vÃ¬ táº¥t cáº£ má»i ngÆ°á»i Ä‘Ã£ há»— trá»£ tá»¥i mÃ¬nh."
76,"KhÃ´ng gian Ä‘Æ°á»£c trang trÃ­ sang trá»ng, sáº¡ch sáº½, thoáº£i mÃ¡i.CÃ¡c báº¡n nhÃ¢n viÃªn ráº¥t niá»m ná»Ÿ vá»›i khÃ¡ch, phá»¥c vá»¥ chuyÃªn nghiá»‡p.Cáº£m Æ¡n cÃ¡c báº¡n nhÃ¢n viÃªn HoÃ ng, TÃ­nh, PhÆ°Æ¡ng, TrÃ¢m, Thanh Nhi Ä‘Ã£ há»— trá»£ mÃ¬nh ráº¥t nhiá»‡t tÃ¬nh vÃ  thÃ¢n thiá»‡n."
77,"Äá»™i ngÅ© nhÃ¢n viÃªn nhiá»‡t tÃ¬nh Ä‘áº·c biá»‡t lÃ  Vinh, TÃ­nh, TrÃ¢m, HoÃ ng, cáº£m Æ¡n táº¥t cáº£ cÃ¡c báº¡n Ä‘Ã£ take care trong thá»i gian lÃ m viá»‡c cá»§a chÃºng tÃ´i, láº§n sau cháº¯c cháº¯n chÃºng toii sáº½ quay láº¡i vÃ  lÃ m viá»‡c cÃ¹ng vá»›i cÃ¡c báº¡n. Thanks for all!!!"
78,"KhÃ´ng gian Ä‘áº¹p máº¯t vÃ  sang trá»ng Ä‘á»ƒ tráº£i nghiá»‡m. CÃ¹ng vá»›i Ä‘Ã³ lÃ  Ä‘á»“ Äƒn phá»¥c vá»¥ khÃ¡ báº¯ máº¯t vÃ  há»£p kháº©u vá»‹ cho nhiá»u ngÆ°á»i dÃ¹ng trong buá»•i tiá»‡c. NhÃ¢n viÃªn thÃ¢n thiá»‡n nhiá»‡t tÃ¬nh giÃºp Ä‘á»¡ khÃ¡ch. Äáº·c biá»‡t cÃ¡m Æ¡n cÃ¡c báº¡n TÃ­nh,  PhÆ°Æ¡ng, HoÃ ng, TrÃ¢m, Thanh Nhi"
79,"Äá»“ Äƒn ngon, báº¯t máº¯t. KhÃ´ng gian sang trá»ng, thoáº£i mÃ¡i Ä‘á»ƒ chá»¥p áº£nh vÃ  tiáº¿p khÃ¡ch. KhÃ´ng khÃ­ thoáº£i mÃ¡i. NhÃ¢n viÃªn nhiá»‡t tÃ¬nh. KhÃ´ng cÃ³ gÃ¬ chÃª trÃ¡ch. Äáº·c biá»‡t cáº£m Æ¡n cÃ¡c báº¡n nhÃ¢n viÃªn PhÆ°Æ¡ng, TÃ­nh, HoÃ ng, TrÃ¢m, Thanh Nhi"
80,"TÃ´i ráº¥t ráº¥t hÃ i lÃ²ng vá» dá»‹ch vá»¥ táº¡i Ä‘Ã¢y, Ä‘á»“ Äƒn Break ngon vÃ  Ä‘áº¹p, khÃ´ng gian rá»™ng rÃ£i, thoÃ¡ng, cÃ³ táº§m nhÃ¬n Ä‘áº¹p, cÃ¡c báº¡n nhÃ¢n viÃªn ráº¥t nhiá»‡t tÃ¬nh, há»— trá»£ ráº¥t tá»‘t, take care khÃ¡ch ká»¹ hÆ¡n cÃ¡c khÃ¡ch sáº¡n khÃ¡c tÃ´i tá»«ng Ä‘i, cáº£m Æ¡n Vinh, TrÃ¢m, TÃ­nh services  tÃ´i ngÃ y hÃ´m nay!"
81,"KhÃ¡ch sáº¡n cÃ³ view Ä‘áº¹p , dá»‹ch vá»¥ tuyá»‡t vá»i, thá»©c Äƒn vÃ  nÆ°á»›c uá»‘ng ráº¥t ngon , sáº½ quay láº¡i khÃ¡ch sáº¡n 1 láº§n ná»¯a . Äáº·c biá»‡t cáº£m Æ¡n cÃ¡c báº¡n nhÃ¢n viÃªn Nhi, ThÃ¡i , Thanh, Vy, HÃ¢n Ä‘Ã£ há»• trá»£ nhiá»‡t tÃ¬nh trong thá»i gian cÆ° trÃº á»Ÿ khÃ¡ch sáº¡n"
82,"KhÃ´ng gian tÄ©nh nháº¡c nháº¹ nhÃ ng thÃ­ch há»£p cho viá»‡c Ä‘á»™c sÃ¡ch vÃ  thÆ° giáº£n nhÃ¢n viÃªn á»Ÿ Rbar ráº¥t nhiá»‡t tÃ¬nh vÃ  vui váº» há» luÃ´n há»— trá»£ tui trong viá»‡c chá»n thá»©c uá»‘ng vÃ  giá»›i thiá»‡u tui nhá»¯ng Ä‘á»‹a Ä‘iá»ƒm Ä‘á»ƒ vui chÆ¡i vÃ  tráº£i nghiá»‡m á»Ÿ SÃ i GÃ²n . Äáº·c biá»‡t cáº£m Æ¡n Nhi,ThÃ¡i Thanh,Vy, tÃ´i sáº» quay trá»Ÿ láº¡i má»™t láº§n ná»¯a trong má»™t ngÃ y gáº§n nháº¥t Ä‘á»ƒ thÆ°á»Ÿng thá»©c dá»‹ch vá»¥ vÃ  gáº·p gá»¡ nhÃ¢n viÃªn á»Ÿ Ä‘Ã¢y há» ráº¥t nhiá»‡t tÃ¬nh vÃ  chu Ä‘Ã¡o há» cÆ° sá»­ ráº¥t vui váº» quÃ  hoÃ  Ä‘á»“ng lÃ m cho tÃ´i cÃ³ cáº£m giÃ¡c Ä‘Ã£ Ä‘Æ°á»£c gáº·p há» ráº¥t nhiá»u láº§n cáº£m giÃ¡c ráº¥t lÃ  quen thuá»™c."
83,"PhÃ²ng há»p Ä‘áº§y Ä‘á»§ tiá»‡n nghi , cÃ³ há»— trá»£ kÄ© thuáº­t Ã¢m thanh vÃ  mÃ¡y chiáº¿u cho meeting , bÃ¡nh ngá»t vÃ  trÃ¡i cÃ¢y ráº¥t ngon , cÃ  phÃª thÃ¬ Ä‘áº­m vá»‹ .CÃ¡c báº¡n nhÃ¢n viÃªn TÃ­nh , Thanh ,My ,Yáº¿n Nhi , Nháº­t , Jade phá»¥c vá»¥ tá»‘t vÃ  chu Ä‘Ã¡o"
84,"Äá»“ Äƒn ngon báº¯t máº¯t, khÃ´ng gian sang trá»ng, thoÃ¡ng mÃ¡t Ä‘Æ°á»£c trang trÃ­ ráº¥t Ä‘áº¹p, láº¥p lÃ¡nh, ban nháº¡c ráº¥t hay, cÃ¡c báº¡n service ráº¥t tá»‘t, luÃ´n luÃ´n Ä‘á»ƒ Ã½ quan tÃ¢m khÃ¡ch hÃ ng, cáº£m Æ¡n cÃ¡c báº¡n TÃ­nh, PhÆ°Æ¡ng, TrÃ¢m, Vinh, Thanh, HoÃ ng, Thanh Nhi"
85,"mot dem tuyet voi tai atrium renaissance hotel saigonomg so littttttttttt khong gian sang trong tuyet voi hoa quyen voi do an ngon ruou thom vaf dac biet la su phuc vu nhiet tinh tan tam tu cac ban nhan vien: Hoang Phuong , Bao Tram , Thanh Nhi, Quang Vinh, Trung Tinh va a vesst do siu de thuong Mr Lukas"
86,"KhÃ¡ch sáº¡n cÃ³ khÃ´ng gian thoÃ¡ng mÃ¡t, Ä‘á»“ Äƒn ráº¥t ráº¥t ráº¥t ngon, cÃ³ band nháº¡c Ä‘Ã n hÃ¡t ráº¥t chill, team phá»¥c vá»¥ ráº¥t nhiá»‡t tÃ¬nh vÃ  táº­n tÃ¢m, cáº£m Æ¡n táº¥t cáº£ cÃ¡c báº¡n ngÃ y hÃ´m nay khiáº¿n tÃ´i ráº¥t vui váº» Ä‘áº·c biá»‡t lÃ  TÃ­nh, Thanh, PhÆ°Æ¡ng, HoÃ ng, Vinh, TrÃ¢m!!!"
87,"Nice and good services. Thá»©c Äƒn ngon. NhÃ¢n viÃªn pjujc vá»¥ nhiá»‡t fifnh. KhÃ´ng gian khÃ¡ch sáº¡n thoÃ¡ng mÃ¡y. Nháº¡c hay. Cam onncac báº¡n nhan vien team banquet TÃ­nh. Thanh, PhÆ°Æ¡ng, TrÃ¢m. Vinh, HoÃ ng, thx you for all"
88,"MÃ¬nh lÃ  khÃ¡ch dá»± tiá»‡c Forbes Women's hÃ´m nay, khÃ´ng gian Ä‘áº¹p cá»±c kiá»ƒu cá»• Ä‘iá»ƒn mÃ¬nh ráº¥t thÃ­ch, mang láº¡i cáº£m giÃ¡c áº¥m Ã¡p. NhÃ¢n viÃªn ráº¥t nhiá»‡t tÃ¬nh nhÃ© gá»i hay cáº§n gÃ¬ sáº½ cÃ³ ngay mÃ  láº¡i cÃ²n nhiá»‡t tÃ¬nh thÃ¢n thiá»‡n, lÃºc nÃ o cÅ©ng vui cÆ°á»i áº¡ Ä‘áº·c biá»‡t Thanh Nhi, TÃ­nh, TrÃ¢m, Vinh !!! Sáº½ quay láº¡i"
89,"Tiá»‡c dinner táº¡i khÃ¡ch sáº¡n Renaissance Riverside Hotel Saigon tháº­t tuyá»‡t vá»i. TÃ´i Ä‘Æ°á»£c sá»± há»— trá»£ nhiá»‡t tÃ¬nh cá»§a cÃ¡c báº¡n PhÆ°Æ¡ng, TrÃ¢m, Thanh Nhi, TÃ­nh, Vinh. Dá»‹ch vá»¥ cá»§a cÃ¡c báº¡n ráº¥t tá»‘t, tÃ´i sáº½ quay láº¡i thÃªm nhiá»u láº§n ná»¯a."
90,"Cáº£m Æ¡n team Banquet Ä‘Ã£ support Dinner tá»‘t, siÃªu nhiá»‡t tÃ¬nh , cÃ¡c báº¡n nhÃ¢n viÃªn siÃªu dá»… thÆ°Æ¡ng: Quang Vinh, Trung TÃ­nh, HoÃ ng PhÆ°Æ¡ng, Báº£o TrÃ¢m Cáº£m Æ¡n táº¥t cáº£ cÃ¡c báº¡n Ä‘Ã£ cho mÃ¬nh má»™t Ä‘Ãªm tháº­t tuyá»‡t vá»i á»Ÿ Ä‘Ã¢y nhÃ¡ ğŸ«¶ğŸ»"
91,"Tá»‘i nay tÃ´i dá»±  1 buá»•i tiá»‡c cá»§a Forbes, tÃ´i Ä‘Æ°á»£c thÆ°á»Ÿng thá»©c nhá»¯ng mÃ³n Äƒn cá»§a khÃ¡ch sáº¡n Renaissance. TÃ´i tháº¥y thá»©c Äƒn ráº¥t ngon vÃ  nhÃ¢n viÃªn phá»¥c vá»¥ nhiá»‡t tÃ¬nh, luÃ´n há»— trá»£ háº¿t mÃ¬nh, TrÃ¢m, TÃ­nh, Vinh, PhÆ°Æ¡ng vÃ  HoÃ ng cáº£m Æ¡n cÃ¡c báº¡n ráº¥t nhiá»u"
92,"KhÃ´ng gian sang trá»ng Ä‘Æ°á»£c setup theo tÃ´ng mÃ u Ä‘en huyá»n áº£o , thiáº¿t káº¿ giáº¿ng trá»i ráº¥t Ä‘áº¹p , mÃ³n Äƒn Ä‘a dáº¡ng ráº¥t ngon Cáº£m Æ¡n cÃ¡c báº¡n nhÃ¢n viÃªn TÃ­nh , PhÆ°Æ¡ng ,Thanh ,My , Yáº¿n Nhi , Ã‚u Ä‘Ã£ phá»¥c vá»¥ táº­n tÃ¬nh chu Ä‘Ã¡o."
93,"ChÃ¢u, SÆ¡n , Long, Thanh, Han, Vy phá»¥c vá»¥ tá»‘t, ráº¥t thÃ¢n thiá»‡t vui váº» vÃ  nhiá»‡t tÃ¬nh vá»›i khÃ¡ch. TÃ´i gá»i nÆ°á»›c ráº¥t nhanh Ä‘Ã£ cÃ³. CÃ  phÃª á»Ÿ Ä‘Ã¢y ráº¥t ngon vÃ  Ä‘áº·c biá»‡t Ä‘Æ°á»£c chÃ¢u váº» hÃ¬nh ráº¥t Ä‘Ã¡ng yÃªu. Sáº½ quay láº¡i vÃ  giá»›i thiá»‡u thÃªm báº¡n bÃ¨"
94,"NhÃ¢n viÃªn phá»¥c vá»¥ ráº¥t chuyÃªn nghiá»‡p , nhanh, thÃ¢n thiá»‡n, chu Ä‘Ã¡o vÃ  quan tÃ¢m Ä‘áº¿n khÃ¡ch hÃ ng . Äá»“ uá»‘ng vÃ  Ä‘á»“ Äƒn ráº¥t ngon. KhÃ´ng gian ngá»“i ráº¥t thoáº£i mÃ¡i, nháº¡c nháº¹. Cáº£m Æ¡n báº¡n Jade, SÆ¡n, Vy, HÃ¢n, Thanh, Linh"
95,"PhÃ²ng há»p bá»‘ trÃ­ Ä‘áº¹p , gá»n gÃ ng Ä‘áº§y Ä‘á»§ trang thiáº¿t bá»‹ Ã¢m thanh mÃ¡y chiáº¿u ,phÃ²ng cÃ³ view thÃ nh phá»‘ Ä‘áº¹p . Äá»“ Äƒn break vÃ  nhÃ  hÃ ng ngon miá»‡ng . Came Æ¡n cÃ¡c báº¡n nhÃ¢n viÃªn Má»¹ Linh , Thanh , Yáº¿n Nhi , My, PhÆ°Æ¡ng , Ã‚u , TÃ­nh,Jade,Thanh Nhi Ä‘Ã£ phá»¥c vá»¥ táº­n tÃ¬nh chu Ä‘Ã¡o"
96,"KhÃ´ng gian yÃªn tÄ©nh thÃ­ch há»£p cho viá»‡c meeting , nhÃ¢n viÃªn thÃ¢n thiá»‡n , luÃ´n nhiá»‡t tÃ¬nh giÃºp Ä‘á»¡ . Sáº½ giá»›i thiá»‡u báº¡n bÃ¨ vÃ  Ä‘á»“ng nghiá»‡p tá»›i á»§ng há»™ khÃ¡ch sáº¡n . Äáº·c biá»‡t Nhi Linh vÃ  ThÃ¡i Thanh ráº¥t dá»… thÆ°Æ¡ng ."
97,"NhÃ¢n viÃªn tiáº¿p Ä‘Ã£i khÃ¡ch Ã¢n cáº§n, dá»… máº¿n. CÃ¡m Æ¡n quáº§y bar Ä‘Ã£ cho tÃ´i má»™t ly cÃ  phÃª ngon tuyá»‡t vá»i. Nhi Linh, ThÃ¡i Thanh Láº§n sau tÃ´i sáº½ tiáº¿p tá»¥c trá»Ÿ láº¡i Ä‘á»ƒ thÆ°á»Ÿng thá»©c cÃ  phÃª ngon á»Ÿ nÆ¡i Ä‘Ã¢y. Cáº£m Æ¡n cÃ¡c báº¡n ráº¥t nhiá»u."
98,"Cáº£m Æ¡n cÃ¡c báº¡n nhÃ¢n viÃªn Thanh , Yáº¿n Nhi , My , TrÃ¢m , Ã‚u , TÃ­nh Ä‘Ã£ há»— trá»£ nhiá»‡t tÃ¬nh chu Ä‘Ã¡o cho cÃ¡c thanh viÃªn trong phÃ²ng há»p . CÃ¡c báº¡n take care ráº¥t tá»‘t . CÃ¡c mÃ³n Äƒn Ä‘a dáº¡ng vÃ  ráº¥t ngon miá»‡ng , cÃ  phÃª thÃ¬ tuyá»‡t vá»i"
99,"PhÃ²ng há»p Ä‘Æ°á»£c setup theo nhÆ° yÃªu cáº§u cá»§a bÃªn mÃ¬nh. KhÃ´ng gian áº¥m Ã¡p. Äá»“ Äƒn ngon. NÆ°á»›c uá»‘ng nhiá»u loáº¡i. cÃ¡c báº¡n phá»¥c vá»¥ ráº¥t nhiá»‡t tÃ¬nh, há»— trá»£ tá»¥i mÃ¬nh ráº¥t nhiá»u. Thanh, Ã‚u, Nhi, TrÃ¢m cÃ¡m Æ¡n cÃ¡c báº¡n nhiá»u ra. mÃ¬nh mong ngÃ y há»p ngÃ y mai váº«n sáº½ tá»‘t Ä‘áº¹p"
100,"Yáº¿n Nhi Thanh Ã‚u TÃ­nh TrÃ¢m. CÃ¡c báº¡n nhÃ¢n viÃªn ráº¥t nhiá»‡t tÃ¬nh, dá»‹ch vá»¥ tá»‘t. Äá»“ Äƒn khÃ¡ ngon. Trang thiáº¿t bá»‹ phÃ²ng há»p táº¡m á»•n, nÃªn láº¯p Ä‘áº·t mÃ n chiáº¿u tá»‘t hÆ¡n. Láº§n sau sáº½ quay láº¡i! Cáº£m Æ¡n cÃ¡c báº¡n ráº¥t nhiá»u."
101,"PhÃ²ng sáº¡ch sáº½, view Ä‘áº¹p, nhÃ¢n viÃªn thÃ¢n thiÃªÌ£n vaÌ€ hÃ´Ìƒ trÆ¡Ì£ khaÌch hÃªÌt miÌ€nh, caÌ‰m Æ¡n caÌc baÌ£n Team Banquet: KhÆ°Æ¡ng, TiÌnh, HoaÌ€ng, PhÆ°Æ¡ng, bá»¯a sÃ¡ng ngon miá»‡ng, cÆ¡ sá»Ÿ váº­t cháº¥t khÃ¡ch sáº¡n tá»‘t, má»™t buÃ´Ì‰i hoÌ£p cÆ°Ì£c kiÌ€ thaÌ€nh cÃ´ng, nháº¥t Ä‘á»‹nh sáº½ quay láº¡i vÃ o má»™t dá»‹p nÃ o Ä‘Ã³. ChÃºc khÃ¡ch sáº¡n kinh doanh tá»‘t Ä‘áº¹p"
102,"láº§n thá»© ba Ä‘áº¿n vá»›i Renaissance Ä‘á»ƒ tham gia training nhÃ¢n viÃªn á»Ÿ Ä‘Ã¢y táº¡o cho tÃ´i sá»± gáº§n gÅ©i má»i ngÆ°á»i luÃ´n thÃ¢n thiá»‡n, nhiá»‡t tÃ¬nh vÃ  luÃ´n há»— trá»£ khi tÃ´i cáº§n Ä‘áº¿n sá»± giÃºp Ä‘á»¡ cá»§a cÃ¡c báº¡n nhÃ¢n viÃªn. Cáº£m Æ¡n Thanh, Yáº¿n Nhi, TÃ­nh, Ã‚u, TrÃ¢m, Vinh,MY vÃ  PhÆ°Æ¡ng ráº¥t nhiá»u."
103,"TÃ´i ráº¥t hÃ i lÃ²ng vá» dá»‹ch vá»¥ táº¡i Ä‘Ã¢y, cáº£m Æ¡n cÃ¡c báº¡n team banquet Ä‘Ã£ há»— trá»£, food ráº¥t ngon vÃ  báº¯t máº¯t, phÃ²ng há»p sang trá»ng vÃ  Ä‘áº¹p, ráº¥t mong láº§n sau sáº½ gáº·p láº¡i vÃ  lÃ m viá»‡c cÃ¹ng vá»›i cÃ¡c em PhÆ°Æ¡ng, TÃ­nh, Thanh. Thanks!"
104,"Äá»“ Äƒn ngon, cÃ¡c báº¡n staff ráº¥t nhiá»‡t tÃ¬nh, take care tá»‘t,  máº·t dÃ¹ cÃ³ váº¥n Ä‘á» ká»¹ thuáº­t nhÆ°ng xá»­ lÃ½ ráº¥t nhanh, khÃ´ng gian phÃ²ng há»p kÃ­n Ä‘Ã¡o, cÃ³ view Ä‘áº¹p, cáº£m Æ¡n team banquet Ä‘Ã£ há»— trá»£, ráº¥t mong láº§n sau sáº½ Ä‘uoc lÃ m viá»‡c cÃ¹ng cÃ¡c báº¡n. Äáº·c biá»‡t cáº£m Æ¡n TÃ­nh vÃ  PhÆ°Æ¡ng!"
105,"KhÃ´ng gian thoÃ¡ng mÃ¡t, sáº¡ch sáº½, view Ä‘áº¹pNhÃ¢n viÃªn phá»¥c vá»¥ nhiá»‡t tÃ¬nh, thÃ¢n thiá»‡n, chuyÃªn nghiá»‡p, Ä‘Ã¡p á»©ng Ä‘á»§ cÃ¡c nhu cáº§u Ä‘áº·c biá»‡t cá»§a khÃ¡ch: Báº£o TrÃ¢m, Trung TÃ­nh, Quang Vinh, PhÆ°Æ¡ng, Nháº­tMenu Ä‘a dáº¡ng"
106,"NhÃ¢n viÃªn nhiá»‡t tÃ¬nh, chuyÃªn nghiá»‡p, xá»­ lÃ­ ká»‹p thá»i yÃªu cáº§u cá»§a khÃ¡ch, thÃ¢n thiá»‡n: Báº£o TrÃ¢m, Trung TÃ­nh, Quang Vinh, PhÆ°Æ¡ng, Nháº­tKhÃ´ng gian khÃ¡ch sáº¡n khÃ¡ thoáº£i mÃ¡i, view Ä‘áº¹pMenu há»£p kháº©u vá»‹, trang trÃ­ Ä‘áº¹p máº¯t."
107,"PhÃ²ng há»p cÃ³ view thÃ nh phá»‘ vÃ  view sÃ´ng Ä‘áº¹p , thoÃ¡ng mÃ¡t sáº¡ch sáº½ , cÃ³ há»— trá»£ mÃ¡y chiáº¿u vÃ  Ã¢m thanh trong phÃ²ng Äá»“ Äƒn nháº¹ Ä‘a dáº¡ng , trang trÃ­ Ä‘áº¹p vÃ  ráº¥t ngon.CÃ¡c báº¡n nhÃ¢n viÃªn ráº¥t vui váº» vÃ  hoÃ i Ä‘á»“ng , cáº£m Æ¡n Thanh ,Yáº¿n Nhi , PhÆ°Æ¡ng , TÃ­nh , My , Nháº­t , HoÃ ng Ä‘Ã£ phá»¥c vá»¥ ráº¥t tá»‘t."
108,"Abbott Meeting ngÃ y hÃ´m nay ráº¥t thÃ nh cÃ´ng, cÃ¡c báº¡n nhÃ¢n viÃªn phá»¥c vá»¥ nhiá»‡t tÃ¬nh, take care tá»‘t, khÃ´ng gian khÃ¡ch sáº¡n thoáº£i mÃ¡i, tÃ´i ráº¥t thÃ­ch view cá»§a khÃ¡ch sáº¡n, cÃ³ thá»ƒ nhÃ¬n ra báº¿n Báº¡ch Äáº±ng, cáº£m Æ¡n team banquet báº¡n: TÃ­nh, PhÆ°Æ¡ng, HoÃ ng, TrÃ¢m, Vinh, Thanh"
109,"KhÃ´ng gian sang trá»ng , thoÃ¡ng . PhÃ²ng há»p cÃ³ há»— trá»£ Ã¢m thanh vÃ  mÃ¡y chiáº¿u NhÃ¢n viÃªn phá»¥c vá»¥ táº­n tÃ¬nh chu Ä‘Ã¡o luÃ´n há»— trá»£ khi cáº§n , cáº£m Æ¡n cÃ¡c báº¡n TÃ­nh , Thanh , KhÆ°Æ¡ng , My  , Yáº¿n Nhi , PhÆ°Æ¡ng Ä‘Ã£ Ä‘uá»•i ."
110,"Cáº£m Æ¡n cÃ¡c báº¡n nhÃ¢n viÃªn Thanh , Nháº­t , PhÆ°Æ¡ng , TÃ­nh , Yáº¿n Nhi vÃ  Jade Ä‘Ã£ há»— trá»£ nhiá»‡t tÃ¬nh vÃ  phá»¥c vá»¥ chu Ä‘Ã¡o cho buá»•i há»p hÃ´m nay Äá»“ Äƒn thá»©c uá»‘ng ngon , Ä‘áº·c biá»‡t mÃ¬nh ráº¥t thÃ­ch cÃ  phÃª á»Ÿ Ä‘Ã¢y .Thanks team!!!"
111,"Nay tÃ´i cÃ³ cÆ¡ há»™i Ä‘i há»p táº¡i Ä‘Ã¢y, tÃ´i ráº¥t hÃ i lÃ²ng vá»›i khÃ´ng gian vÃ  dá»‹ch vá»¥, phÃ²ng há»p thoÃ¡ng mÃ¡t, cÃ³ táº§m nhÃ¬n Ä‘áº¹p, Ä‘á»“ Äƒn hÆ¡i ngá»t nhÆ°ng cÅ©ng ráº¥t ngon, cÃ¡c báº¡n nhÃ¢n viÃªn nhiá»‡t tÃ¬nh, TÃ­nh, PhÆ°Æ¡ng, Thanh, Vinh, HoÃ ng, Jade"
112,"Thá»©c Äƒn ngon, khÃ¡ há»£p kháº©u vá»‹KhÃ´ng gian khÃ¡ch sáº¡n rá»™ng rÃ£i, thoÃ¡ng mÃ¡t, cÃ³ mÃ¹i hÆ°Æ¡ng Ä‘áº·c trÆ°ngÄÃ¡p á»©ng cÃ¡c yÃªu cáº§u Ä‘áº·c biá»‡t cá»§a tÃ´iNhÃ¢n viÃªn dá»… thÆ°Æ¡ng, nhiá»‡t tÃ¬nh, hoÃ  Ä‘á»“ng, take care khÃ¡ch ká»‹p thá»i: TrÃ¢m, Vinh, TÃ­nh, Nháº­t"
113,"TÃ´i ráº¥t hÃ i lÃ²ng vá» dá»‹ch vá»¥ á»Ÿ Rbar , tá»« khÃ´ng gian cho Ä‘áº¿n thá»©c uá»‘ng . View chá»¥p hÃ¬nh sá»‘ng áº£o ráº¥t Ä‘áº¹p . 1 ly bia Heniken chill cÃ¹ng nhá»¯ng bÃ i hÃ¡t cá»§a ban nháº¡c . Ráº¥t tuyá»‡t.Cáº£m Æ¡n Nhi , Vy , HÃ¢n phá»¥c vá»¥ ráº¥t táº­n tÃ¬nh"
114,"KhÃ´ng gian sang trá»ng , thá»©c uá»‘ng vá»›i Ä‘á»“ Äƒn ráº¥t ngon , Ä‘áº·c biá»‡c lÃ  cocktail thÆ°Æ¡ng thá»©c 1 lu cocktail ngá»“i nghe ban nháº¡c hÃ¡t ráº¥t hay Cáº£m Æ¡n cÃ¡c báº¡n Vy , Nhi  Ä‘Ã£ phá»¥c vá»¥ ráº¥t nhiá»‡t tÃ¬nh vÃ  vui váº» , tÃ´i sáº½ quay láº¡i"
115,"Má»™t ly cÃ  phÃª vÃ o cuá»‘i tuáº§n táº¡i rbar lÃ m tÃ´i cáº£m tháº¥y vui váº» vÃ  trÃ n Ä‘áº§y nÄƒng lÆ°á»£ng. KhÃ´ng gian áº¥m Ã¡p, thoÃ¡ng mÃ¡t vÃ  Ã¢m nháº¡c chill. CÃ¡c báº¡n nhÃ¢n viÃªn ráº¥t Ä‘Ã¡ng yÃªu vÃ  nhiá»‡t tÃ¬nh. Äáº·c biá»‡t cáº£m Æ¡n báº¡n Jade, HÃ¢n, Thanh cÃ¡c báº¡n ráº¥t tuyá»‡t vá»i. Náº¿u cÃ³ dá»‹p tÃ´i sáº½ quay láº¡i."
116,"Rbar hÃ´m nay tháº­t vui nhá»™n. CÃ³ band nháº¡c, ca sÄ© hÃ¡t hay. Äá»“ Äƒn vÃ  Ä‘á»“ uá»‘ng á»Ÿ Rbar ráº¥t ngon , nÆ°á»›c ráº¥t Ä‘áº·c biá»‡t vÃ  hÃ´m nay tÃ´i Ä‘Æ°á»£c má»i 1 ly bar ritual ráº¥t tuyá»‡t vá»i . TÃ´i sáº½ Ä‘áº¿n cÃ¹ng vá»›i báº¡n bÃ¨ nhiá»u hÆ¡n. Cáº£m Æ¡n báº¡n Jade, Long, Son, Linh Ä‘Ã£ giá»›i thiá»‡u tÃ´i cocktail ngon."
117,"Nay mÃ¬nh uá»‘ng cÃ  phÃª sá»¯a cÃ¹ng vá»›i báº¡n táº¡i bar cá»§a khÃ¡ch sáº¡n. KhÃ´ng gian thoáº£i mÃ¡i, sáº¡ch sáº½ khÃ¡ phÃ¹ há»£p cho há»c táº­p vÃ  lÃ m viá»‡c. NhÃ¢n viÃªn nhiá»‡t tÃ¬nh vÃ  ráº¥t take care mÃ¬nh. Cáº£m Æ¡n báº¡n nhÃ¢n viÃªn Linh vÃ  HÃ¢n."
118,"TÃ´i Ä‘áº¿n Rbar Ä‘á»ƒ gáº·p báº¡n bÃ¨ cá»§a tÃ´i. MÃ³n nÆ°á»›c á»Ÿ Ä‘Ã¢y ráº¥t tÆ°Æ¡i , ngon. NhÃ¢n viÃªn phá»¥c vá»¥ tá»‘t. View á»Ÿ Ä‘Ã¢y tháº­t Ä‘áº¹p.Cáº£m Æ¡n báº¡n ChÃ¢u, Vy, HÃ¢n, SÆ¡n, Long vÃ¬ Ä‘Ã£ tÃ¢n tÃ¬nh phá»¥c vá»¥, luÃ´n luÃ´n vui váº» vá»›i khÃ¡ch hÃ ng dÃ¹ tÃ´i cÃ³ ráº¥t nhiá»u yÃªu cáº§u. TÃ´i sáº½ giá»›i thiá»‡u báº¡n bÃ¨ Ä‘áº¿n Ä‘Ã¢y."
119,"TÃ´i tham gia há»™i tháº£o táº¡i láº§u 5 khÃ¡ch sáº¡n Renaissance . CÃ¡c báº¡n banquet ráº¥t nhiá»‡t tÃ¬nh, há»— trá»£ chu Ä‘Ã¡oCÃ¡m Æ¡n team banquet há»— trá»£ há»™i tháº£o: Báº¡n Minh Nháº­t , TÃ­nh , Thanh , Vinh , Ã‚uChÃºng tÃ´i sáº½ quay láº¡i"
120,"NhÃ¢n viÃªn phá»¥c vá»¥ ráº¥t nhiá»‡t tÃ¬nh, chu Ä‘Ã¡o, luÃ´n luÃ´n quan tÃ¢m khÃ¡ch hÃ ng. Äá»“ uá»‘ng ráº¥t Ä‘a dáº¡ng vÃ  trang trÃ­ Ä‘áº¹p. Äá»“ Äƒn ngon, khÃ´ng gian yÃªn tÄ©nh, thÃ­ch há»£p Ä‘á»ƒ gáº·p gá»¡ báº¡n bÃ¨ . Cáº£m Æ¡n Jade, Han, Vy, Son , Long"
121,"MÃ¬nh cÃ³ 1  ngÃ y tráº£i nhiá»‡m ráº¥t tá»‘t vá»›i team á»Ÿ Dior party.  Phong cÃ¡ch lÃ m viá»‡c cá»§a team chuyÃªn nghiá»‡p vÃ  má»›i máº», má»i thá»© ráº¥t tuyá»‡t, TrÃ¢m cÃ³ sá»± nhiá»‡t tÃ¬nh, PhÆ°Æ¡ng ráº¥t tá»‘t, Vinh cÃ³ sá»± hÃ i hÆ°á»›c, lucas is the nice guys"
122,"HÃ´m nay tÃ´i há»— trá»£ cho SEMI Meeting, khÃ´ng gian táº¡i Ä‘Ã¢y ráº¥t thoáº£i mÃ¡i, áº¥m cÃºng, Ä‘á»“ Äƒn ngon vÃ  há»£p kháº©u vá»‹, NhÃ¢n viÃªn phá»¥c vá»¥ ráº¥t tá»‘t, cáº£m Æ¡n team banquet Ä‘áº·c biá»‡t lÃ  TÃ­nh, ÄÄƒng, Thanh, Nhi, TrÃ¢m, Vinh"
123,"KhÃ´ng gian Atrium táº§ng 5 cá»§a khÃ¡ch sáº¡n ráº¥t áº¥m cÃºng vÃ  rá»™ng rÃ£i, Ä‘á»“ Äƒn ngon, cÃ¡c báº¡n phá»¥c vá»¥ luÃ´n luÃ´n giÃºp Ä‘á»¡ nhiá»‡t tÃ¬nh, cáº£m Æ¡n team banquet Ä‘áº·c biá»‡t lÃ  cÃ¡c báº¡n TÃ­nh, TrÃ¢m, Vinh, Thanh, Nhi, Ã‚u, Nhi"
124,"PhÃ²ng há»p Ä‘Æ¡n giáº£n , Ä‘áº§y Ä‘á»§ trang thiáº¿t bá»‹ Ä‘iá»‡n tá»­ . CÃ³ phá»¥c vá»¥ trÃ  ,cÃ  phÃª vÃ  Ä‘á»“ Äƒn nháº¹ . Cac báº¡n nhÃ¢n viÃªn thÃ¢n thiá»‡n , nhiá»‡t tÃ¬nh ráº¥t chu Ä‘Ã¡o , Ä‘áº·c biá»‡t cáº£m Æ¡n báº¡n My , báº¡n Thanh , báº¡n Ã‚u Ä‘Ã£ phá»¥c vá»¥ ráº¥t tá»‘t ."
125,"Nam,  Nhat cháº¥t lÆ°á»£ng phá»¥c vá»¥ tá»‘t, nhiá»‡t tÃ¬nh, chu Ä‘Ã¡o. Má»—i báº¡n Ä‘iá»u khÃ¡ thÃ¢n thiÃªn Ä‘á»‘i vá»›i táº¥t cáº£ khÃ¡ch hÃ ng Ä‘á»ƒ há» cÃ³ má»™t meeting thÃº vá»‹. Tráº£i nghiÃªÌ£m á»Ÿ Ä‘Ã¢y cá»§a mÃ¬nh khaÌ tá»‘t vÃ  sáº½ quay láº¡i láº§n sau á»Ÿ Ä‘Ã¢y"
126,"TÃ´i uá»‘ng nÆ°á»›c dá»«a, ráº¥t mÃ¡t vÃ  sáº¡ch, khÃ´ng gian sang trá»ng. Ban nháº¡c chÆ¡i ráº¥t tá»‘t, ca sÄ© ná»¯ xinh Ä‘áº¹p vÃ  hÃ¡t hay. nhÃ¢n viÃªn phá»¥c vá»¥ ráº¥t nhiá»‡t tÃ¬nh luÃ´n luÃ´n há»— trá»£ tÃ´i khi tÃ´i thÆ°á»Ÿng thá»©c nÆ°á»›c á»Ÿ Ä‘Ã¢y.  Cáº£m Æ¡n Nhi , Long , Thanh ráº¥t nhiá»u. TÃ´i sáº½ quay láº¡i Ä‘Ã¢y láº§n ná»¯a."
127,"NÃ£y tÃ´i cÃ³ Ä‘i tham dá»± tiá»‡c rÆ°á»£u cá»§a Háº§m RÆ°á»£u ChÃ¢u Ã, nÆ¡i Ä‘Ã¢y cÃ³ khÃ´ng gian áº¥m cÃºng, trang trÃ­ ráº¥t Ä‘áº¹p, cÃ¡c nhÃ¢n viÃªn ráº¥t nhiá»‡t tÃ¬nh vÃ  vui váº», Ä‘áº·t biá»‡t lÃ  team banquet cÃ¡c báº¡n TÃ­nh, My, KhÆ°Æ¡ng, Nhi :)))"
128,"Tiá»‡c rÆ°á»£u trang trá»ng, lá»‹ch sá»± cÃ¹ng vá»›i rÆ°á»£u vang ngon khÃ´ng gian áº¥m cÃºng. Äáº·c biá»‡t lÃ  nhÃ¢n viÃªn cá»±c ká»³  thÃ¢n thiá»‡n vÃ  nhiá»‡t tÃ¬nh. LuÃ´n tÆ° váº¥n vÃ  phÃ¢n tÃ­ch Ä‘áº·c Ä‘iá»ƒm cá»§a tá»«ng loáº¡i rÆ°á»£u. ChÃ¢n thÃ nh cáº£m Æ¡n My, cÃ´ nhÃ¢n viÃªn thÃ¢n thiá»‡n nháº¥t, luÃ´n há»— trá»£ khÃ¡ch hÃ ng ká»‹p lÃºc."
129,"TÃ´i ráº¥t áº¥n tÆ°á»£ng vá»›i sá»± phá»¥c vá»¥ nhiá»‡t tÃ¬nh vÃ o ngÃ y hÃ´m nay, cÃ¡c nhÃ¢n viÃªn nhÆ° Mi, Thanh, Ã‚u vÃ  Nhi luÃ´n táº­n tÃ¢m vá»›i tÃ´i má»—i láº§n tÃ´i muá»‘n uá»‘ng trÃ . PhÃ²ng há»p khÃ´ng tá»‡, cÃ³ nhiá»u cá»­a sá»• nÃªn khÃ¡ thoáº£i mÃ¡i"
130,"Cáº£m Æ¡n khÃ¡ch sáº¡n Renaissance Ä‘Ã£ cÃ³ má»™t team BQ há»— trá»£ mÃ¬nh háº¿t mÃ¬n, ngÃ y hÃ´m nay lÃ  má»™t ngÃ y tuyá»‡t vá»i, cáº£m Æ¡n cÃ¡c báº¡n sáº»rver nhiá»‡t tÃ¬nh: TrÃ¢m, Vinh, ThÃ nh, Thanh TÃ´i sáº½ quay trá»Ÿ láº¡i khi cÃ³ dá»‹p ghÃ© thÄƒm, quÃ¡ tuyá»‡t vá»i"
131,"Khong gian qua deg team server tot, Cac ban very nice, very sociu: TrÃ¢m, TÃ­nh, Thanh, My, Son, Vinh Toi se quay lai neu vo thoi gian Xin chan thanh cam on tat ca cac van take care mev   Very gooddd"
132,"Äá»“ Äƒn ngon, team phá»¥c vá»¥ nhiá»‡t tÃ¬nh: TrÃ¢m, thanh, tÃ­nh, vinh, my, sÆ¡n khÃ´ng gian Ä‘áº¹p, vui váº», sang trá»ng TÃ´i sáº½ quay láº¡i náº¿u cÃ³ thá»i gian, sáº½ quay láº¡i Ä‘á»ƒ dá»± nhá»¯ng buá»•i tiá»‡c sang trá»ng báº­c nháº¥t thÆ°á»£ng thá»«a, cáº£m Æ¡n team BQ ráº¥t nhiá»u"
133,"KhÃ´ng khÃ­ buá»•i tiá»‡c hÃ´m nay ráº¥t vui khÃ´ng gian khÃ¡ lÃ  tuyá»‡t vá»i cÃ¡c báº¡n nhÃ¢n viÃªn phá»¥c vá»¥ ráº¥t chu Ä‘Ã¡otame care má»i ngÆ°á»i má»i lÃºc má»i nÆ¡i luÃ´n luÃ´n cÃ³ máº·t khi cáº§n Cáº£m Æ¡n PhÃº, ÄÄƒng, SÆ¡n,Thanh, My Ä‘Ã£ phá»¥c vá»¥ tá»¥i mÃ¬nh hÃ´m nay ráº¥t chu toÃ n"
134,"KhÃ´ng giáº£m quáº§y bar thoáº£i mÃ¡i, nháº¡c nháº¹ nhÃ ng, ráº¥t phÃ¹ há»£p cho buá»•i há»p vá»›i  Ä‘á»‘i tÃ¡c vÃ  khÃ¡c hÃ ng. Äá»“ Äƒn sÃ¡ng  ' bÃ¡nh mÃ¬ thá»‹t' táº¡i Renaissance Ä‘áº¹p máº¯t vÃ  ngon . NhÃ¢n viÃªn ChÃ¢u, Vy, HÃ¢n phá»¥c vá»¥ ráº¥t nhiá»‡t tÃ¬nh, chu Ä‘Ã¡o. Sáº½ chá»n Rbar lÃ  khÃ´ng giáº£m há»p lÃ½ tÆ°á»Ÿng"
135,"khÃ´ng gian Ä‘áº¹p, sáº¡ch sáº½, thoÃ¡ng mÃ¡t, phá»¥ vá»¥ thÃ¢n thiá»‡n vui váº», nhiá»‡t tÃ¬nh Ä‘áº·c biá»‡t cáº£m Æ¡n team banquet cÃ¡c báº¡n TÃ­nh, PhÆ°Æ¡ng, TrÃ¢m, Vinh, KhÆ°Æ¡ng, Nháº­t cÃ³ view sÃ´ng SÃ i gÃ²n ráº¥t Ä‘áº¹pmÃ³n Äƒn phá»¥c vá»¥ há»£p kháº©u vá»‹"
136,"HÃ´m nay tÃ´i cÃ³ cÆ¡ há»™i tham gia meeting táº¡i khÃ¡ch sáº¡n Renaissance, nÆ¡i Ä‘Ã¢y cÃ³ khÃ´ng gian thoÃ¡ng mÃ¡t, cÃ³ táº§m nhÃ¬n ra sÃ´ng SÃ i GÃ²n, Ä‘á»“ Äƒn ngon, cÃ¡c báº¡n take care ráº¥t tá»‘t, Ä‘áº·c biá»‡t lÃ  cÃ¡c báº¡n TÃ­nh, PhÆ°Æ¡ng, Vinh, TrÃ¢m, KhÆ°Æ¡ng. :))"
137,"HÃ´m nay tÃ´i Ä‘i meeting táº¡i khÃ¡ch sáº¡n renaissance, nÆ¡i Ä‘Ã¢y cÃ³  KhÃ´ng gian thÃ¡ng mÃ¡t, view sÃ´ng.CÃ¡c báº¡n phá»¥c vá»¥ take care tá»‘t Ä‘áº·c biá»‡t cáº£m Æ¡n cÃ¡c báº¡nTÃ­nh, nháº­t, phÆ°Æ¡ng, trÃ¢m, vinh supported nhiá»‡t tÃ¬nh."
138,"PhÃ²ng rá»™ng vÃ  Ä‘áº¹p, view cÃ´ng viÃªn Báº¡ch Ä‘áº±ng vÃ  Thá»§ thiÃªm. CÃ¡c báº¡n lá»… tÃ¢n ráº¥t thÃ¢n thiá»‡n, báº¡n Jax, Ruby, Nhi ,Rio. NÆ°á»›c welcome drink hoa Ä‘áº­u biáº¿c ráº¥t thÆ¡m.  NhÃ  hÃ ng thá»©c Äƒn ngon, cÃ¡c báº¡n ráº¥t chu Ä‘Ã¡o vÃ  nhiá»‡t tÃ¬nh,báº¡n Kha,DÅ©ng,  Rose, Thuy . Cáº£m Æ¡n táº¥t cáº£ má»i ngÆ°á»i ğŸ˜€"
139,"Dá»‹ch vá»¥ há»™i nghá»‹ vÃ¹a khÃ¡ch sáº¡n ráº¥t chu Ä‘Ã¡o. KhÃ´ng gian khÃ¡ch sáº¡n hoÃ i cá»•, áº¥m Ã¡p. View phÃ²ng há»p cÃ³ thá»ƒ nhÃ¬n ra cáº£ sÃ´ng vÃ  thÃ nh phá»‘. Äá»“ Äƒn vÃ  cÃ¡c loáº¡i nÆ°á»›c uá»‘ng ngon. VÃ  cÃ¡c báº¡n phá»¥ vá»¥ ráº¥t dá»… thÆ°Æ¡ng. LuÃ´n há»— trá»£ nhá»¯ng lÃºc mÃ¬nh cáº§n. CÃ¡m Æ¡n báº¡n Ã‚u, Thanh, My Ä‘Ã£ há»— trá»£ mÃ¬nh Ä‘á»ƒ cÃ³ má»™t há»™i nghá»‹ thÃ nh cÃ´ng. Tuy cÃ³ má»™t chÃºt sá»± cá»‘ nhá» nhÆ°ng váº«n cáº£m Æ¡n cÃ¡c báº¡n nhiá»u"
140,"Cáº£m Æ¡n TÃ­nh ,Thanh vÃ  My Ä‘Ã£ há»— trá»£ mÃ¬nh táº­n tÃ¬nh trong khÃ¢u chuáº©n bá»‹ trong thá»i gian trÆ°á»›c cuá»™c há»p Ä‘Æ°á»£c diá»…n ra vÃ  trong quÃ¡ trinh há»p . Äáº·c biá»‡t cÃ¡c báº¡n phá»¥c vá»¥ ráº¥t tá»‘t trong lÃºc giáº£i lao tá»« Ä‘á»“ Äƒn Ä‘áº¿n thá»©c uá»‘ng .Háº¹n gáº·p láº¡i vÃ o láº§n tá»›i ."
141,"CÃ¡c báº¡n phá»¥c vá»¥ ráº¥t táº­n tÃ¢m vÃ  nhiá»‡t tÃ¬nh, láº¡i cÃ²n thÃ¢n thiá»‡n, ngoÃ i ra cÃ²n cá»±c kÃ¬ há»— trá»£ cho mÃ¬nh vá» táº¥t cáº£ má»i viá»‡c, mÃ¬nh nhá» cÃ¡c báº¡n viá»‡c gÃ¬ cÅ©ng hoÃ n thÃ nh ráº¥t tá»‘t. Äáº·c biá»‡t lÃ  cÃ¡c báº¡n nhÆ° báº¡n Thanh, báº¡n TÃ­nh, báº¡n Nháº­t, báº¡n Nhi, báº¡n TrÃ¢m, báº¡n Vinh"
142,"Cáº£m Æ¡n em Thanh , em Ã‚u vÃ  anh quáº£n lÃ½ PhÆ°Æ¡ng Ä‘Ã£ support team Vietravel 2 ngÃ y vá»«a qua , cÃ¡c báº¡n nhan vien  luÃ´n tÃºc trá»±c bÃªn ngoÃ i phÃ²ng há»p khi mÃ¬nh cáº§n há»— trá»£ vá» Ã¢m thanh vÃ  thiáº¿t bá»‹ .Háº¹n gáº·p cÃ¡c báº¡n láº§n sau."
143,"PhÃ²ng há»p Ä‘Æ°á»£c setup gá»n gÃ ng , Ä‘áº¹p thoÃ¡ng mÃ¡t . Äá»“ Äƒn Ä‘Æ°á»£c chuáº©n bá»‹ kÄ© trang trÃ­ Ä‘áº¹p ráº¥t ngon , thá»©c uá»‘ng thÃ¬ tuyá»‡t vá»i , Ä‘áº·c biá»‡t trÃ  ráº¥t ngon .Cáº£m Æ¡n báº¡n Ã‚u , Thanh , My , Yáº¿n Nhi Ä‘Ã£ phá»¥c vá»¥ nhiá»‡t tÃ¬nh chu Ä‘Ã¡o ."
144,"Dá»‹ch vá»¥ há»™i nghá»‹ táº¡i khachs sáº¡n ráº¥t tá»‘t. Äá»“ Äƒn ngon. HÃ´m nay mÃ¬nh vÃ o ráº¥t sá»›m Ä‘á»ƒ kiá»ƒm tra phÃ²ng há»£p. CÃ¡c báº¡n nhÃ¢n viÃªn dad giÃºp mÃ¬nh trong viá»‡c thay doi setup phut cuoi vÃ  phá»¥c vá»¥ khÃ¡ch cá»§a mÃ¬nh ráº¥t tá»‘t. Cáº£m Æ¡n cÃ¡c báº¡n Thanh, Ã‚u. My, PhÆ°Æ¡ng, Nhi Ä‘Ã£ gá»— trá»£ mÃ¬nh"
145,"MÃ¬nh Ä‘Æ°á»›c nhÃ¢n viÃªn á»Ÿ Ä‘Ã¢y Ä‘Ã³n tiáº¿p ráº¥t nhiá»‡t tÃ¬nh. Nháº¥t lÃ  báº¡n ná»¯ tÃªn ChÃ¢u Ä‘Ã£ giá»›i thiá»‡u cho mÃ¬nh Cooktail ráº¥t ngon vÃ  hÆ°á»›ng dáº«n mÃ¬nh nhiá»u Ä‘á»‹a Ä‘iá»ƒm vui chÆ¡i táº¡i SÃ i GÃ²n. Vá» phÃ²ng sáº¡ch sáº½, cÃ³ mÃ¹i thÆ¡m dá»… chá»‹u. KhaÃ¡ch sáº¡n cÃ³ nhiá»u gÃ³c chá»¥p sá»‘ng áº£o Ä‘áº¹p áº¡ tha há»“ check in"
146,"HÃ´m nay toii Ä‘i há»p bÃ¡o cá»§a cÃ´ NhÆ° Quá»³nh, ráº¥t vui vÃ  hÃ i lÃ²ng, Ä‘á»“ Äƒn hÃ i lÃ²ng, hÆ¡i ngá»t nhÆ°ng ráº¥t ngon, khÃ´ng gian thoÃ¡ng mÃ¡t, cÃ³ táº§m nhÃ¬n Ä‘áº¹p, Ä‘áº·c biá»‡t cáº£m Æ¡n cÃ¡c báº¡n TÃ­nh, Thanh,PhÆ°Æ¡ng, My, TrÃ¢m, Vinh, KhÆ°Æ¡ng"
147,"HÃ´m nay ngÃ y 1/11/2022, chÃºng tÃ´i cÃ´ng ty GiaiTriViet tá»• chá»©c há»p bÃ¡o liveshow The Best Of NhÆ° Quá»³nh, há»p bÃ¡o Ä‘Æ°á»£c KhÃ¡ch sáº¡n há»— trá»£ nhiá»‡t tÃ¬nh vá» setup, khÃ´ng gian rá»™ng rÃ£i thoÃ¡ng mÃ¡t, cÃ¡c báº¡n nhÃ¢n viÃªn nhiá»‡t tÃ¬nh há»— trá»£. Tuyá»‡t vá»i ğŸ¥°ğŸ¥°ğŸ¥°TÃ­nh, Thanh, PhÆ°Æ¡ng, My, Vinh, KhÆ°Æ¡ng, TrÃ¢m"
148,"KhÃ´ng gian sang trá»ng, thoÃ¡ng mÃ¡t. Cháº¥t lÆ°á»£ng phá»¥c vá»¥ tá»‘t, chu Ä‘Ã¡o. Äá»“ Äƒn ngon, sáº¡ch vÃ  há»£p miá»‡ng. NhÃ¢n viÃªn táº­n tÃ¬nh, há»— trá»£ khÃ¡ch hÃ ng nhanh chÃ³ng, chu Ä‘Ã¡o vÃ  ká»¹ cÃ ngTÃ­nh, Thanh, PhÆ°Æ¡ng, My, Vinh, TrÃ¢m"
149,"CÃ¡c anh chá»‹ TÃ­nh, Thanh, PhÆ°Æ¡ng , My, Vinh, TrÃ¢m cÃ¡c anh chá»‹ nhÃ¢n viÃªn nhiá»‡t tÃ¬nh, take care khÃ¡ch má»i chuyÃªn nghiá»‡p,thÃ¢n thiá»‡n táº¡o cáº£m giÃ¡c thoáº£i mÃ¡i cho má»i ngÆ°á»i, chuáº©n bá»‹ chu Ä‘Ã¡o vÃ  sáº¡ch sáº½. Xin cáº£m Æ¡n"
150,TÃ´i cáº£m tháº¥y hÃ i lÃ²ngÄá»“ Äƒn ngon Dá»‹ch vu tá»‘tKhÃ´ng gian Ä‘áº¹pPhÃ¹ há»£p cho cÃ¡c sá»± kiá»‡n vÃ  gia Ä‘Ã¬nhTÃ´i nghÄ© sáº½ Ä‘áº¿n tronh láº§n sau vÃ  giá»›i thiá»‡u cho báº¡n bÃ¨ Ä‘áº¿nâ€¦â€¦â€¦â€¦â€¦NhÃ¢n viÃªn phá»¥c vá»¥TÃ­nh - Thanh - PhÆ°Æ¡ng - My - Vinh - TrÄƒm
151,"Láº§n Ä‘áº§u tráº£i nghiá»‡m táº¡i khÃ¡ch sáº¡n tÃ´i cáº£m tháº¥y khÃ¡ hÃ i lÃ²ng. KhÃ¡ch sáº¡n sáº¡ch sáº½, dá»‹ch vá»¥ tá»‘t, nhÃ¢n viÃªn thÃ¢n thiá»‡n. Náº¿u cÃ³ láº§n sau sáº½ tiáº¿p tá»¥c tráº£i nghiá»‡m CÃ¡c nhÃ¢n viÃªn tá»‘t: TÃ­nh, Thanh, PhÆ°Æ¡ng, My, Vinh, Ã‚u, TrÃ¢m"
152,"NÆ¡i tá»• chá»©c tiá»‡c sang trá»ng , vá»‹ trÃ­ dá»… tÃ¬m , cÃ³ view hÆ°á»›ng ra sÃ´ng vÃ  thÃ nh phá»‘ ráº¥t Ä‘áº¹pÄá»“ Äƒn Ä‘Æ°á»£c trang trÃ­ Ä‘áº¹p , Ä‘áº·c biá»‡t ráº¥t ngon ( cÃ³ 1 sá»‘ mÃ³n hÆ¡i cay Ä‘á»‘i vá»›i má»™t sá»‘ ngÆ°á»i trong bÃ n )NhÃ¢n viÃªn phá»¥c vá»¥ táº­n tÃ¬nh chu Ä‘Ã¡o , cáº£m Æ¡n Thanh , TÃ­nh Ä‘Ã£ take care bÃ n mÃ¬nh ráº¥t tá»‘t"
153,"Buá»•i sinh nháº­t 12 nÄƒm nhÃ  Bitexco diá»…n ra ráº¥t áº¥m cÃºng  vÃ  vui váº» . KhÃ´ng gian phÃ²ng tiá»‡c sang trá»ng , Ä‘á»“ Äƒn há»£p kháº©u vá»‹ cá»§a mÃ¬nh ráº¥t tuyá»‡t Cáº£m Æ¡n cÃ¡c báº¡n phá»¥c vá»¥  TÃ­nh ,Ã‚u , Thanh phá»¥c vá»¥ bÃ n mÃ¬nh rÃ¢ga vui váº» vÃ  nhiá»‡t tÃ¬nh. Cáº£m Æ¡n cÃ¡c báº¡n ráº¥t nhiá»u nha"
154,"Teams phá»¥c vá»¥ ráº¥t tá»‘t, nhanh nháº¹n, chu Ä‘Ã¡o cá»±c ká»³ nháº¥t lÃ  Vinh,PhÆ°Æ¡ng,Mi,Ã‚u,TrÃ¢m ráº¥t nhanh nháº¹n nhÃ©, cáº§n gÃ¬ lÃ  phá»¥c vá»¥ láº­p tá»©c, khÃ´ng gian láº¡i sang trá»ng Ä‘áº¹p, lá»‹ch lÃ£m vá»‹ trÃ­ láº¡i Ä‘áº¯t Ä‘á»‹a, thuáº­n tiá»‡n dá»… tÃ¬m. Sáº½ quay láº¡i"
155,"KhÃ´ng gian Ä‘áº¹p, khÃ´ng khÃ­ sÃ´i Ä‘á»™ng. Dá»“ Äƒn ngon, há»£p kháº©u vá»‹. CÃ¡c báº¡n phá»¥c vá»¥ ráº¥t nhiá»‡t tÃ¬nh, chuyÃªn nghiá»‡p, luÃ´n cÃ³ máº·t khi mÃ¬nh cáº§n. Cáº£m Æ¡n cÃ¡c báº¡n Ã‚u, PhÆ°Æ¡ng, My Ä‘Ã£ há»— trá»£ mÃ¬nh cÃ³ má»™t bá»¯a tá»‘i vui váº»"
156,"NhÃ¢n viÃªn chu Ä‘Ã¡o, nhiá»‡t tÃ¬nh háº¿t má»©c, dá»… thÆ°Æ¡ng nhanh nháº¹n Ä‘áº·c biá»‡t lÃ  Mi, TrÃ¢m, Thanh, PhÆ°Æ¡ng, Vinh, TÃ­nh, Ã‚u cáº£ teams ráº¥t lÃ  chu Ä‘Ã¡o lÃ m viá»‡c háº¿t cÃ´ng suáº¥t. KhÃ´ng gian sang trá»ng, Ä‘áº¹p, báº¯t máº¯t náº±m ngay vá»‹ trÃ­ thuáº­n tiá»‡n dá»… tÃ¬m láº¯m. Ráº¥t ok"
157,"NhÃ¢n viÃªn nhiejet tÃ¬nh., Chu Ä‘Ã¡o, dá»… thÆ°owg, nhanh nháº¹n ráº¥t hoáº¡t bÃ¡t Ä‘áº·c biá»‡t lÃ  Mi, TrÃ¢m, Thanh, PhÆ°Æ¡ng, Vinh, Ã‚u TÃ­nh ráº¥t lá»… phÃ©p vÃ  nhanh nháº¹nKhÃ´ng gian ráº¥t sang trá»ng, mÃ¡t, Ä‘áº¹p Ä‘á»‹a Ä‘iá»ƒm láº¡i dá»… tÃ¬m náº±m ngay trung tÃ¢m. Sáº½ quay láº¡i"
158,"NhÃ¢n viÃªn ráº¥t nhiá»‡t tÃ¬nh nhÃ©, chu Ä‘Ã¡o, dá»… thÆ°Æ¡ng láº¯m Ä‘áº·c biá»‡t lÃ  : Mi, TrÃ¢m, TÃ­nh, PhÆ°Æ¡ng, Thanh, Vinh, Ã‚u ráº¥t dá»… thÆ°Æ¡ng chu Ä‘Ã¡o cá»±c. Äá»‹a Ä‘iá»ƒm thuáº­n tiá»‡n náº±m ngay trung tÃ¢m dá»… tÃ¬m dá»… di chuyá»ƒn sáº½ quay láº¡i"
159,"KhÃ´ng gian thoáº£i mÃ¡i, trang trÃ­ ráº¥t Ä‘áº¹p, thá»©c Äƒn ngon, hÃ¬nh thá»©c chá»‰n chu, wifi tá»‘t. CÃ¡c báº¡n nhÃ¢n viÃªn phá»¥c vá»¥ tá»‘t, dá»… thÆ°Æ¡ng: TrÃ¢m, PhÆ°Æ¡ng, Thanh, My, TÃ­n, Vy. TÃ³m láº¡i, cá»±c kÃ¬ hÃ i lÃ²ng vá» dá»‹ch vá»¥ vÃ  thÃ¡i Ä‘á»™."
160,"KhÃ´ng gian Ä‘áº¹p, sang trá»ng, phá»¥c vá»¥ nhiá»‡t tÃ¬nh, chu Ä‘Ã¡o, nhanh nháº¹n Ä‘áº·c biá»‡t lÃ : TrÃ¢m, Mi, ThÃ nh, PhÆ°Æ¡ng, Vinh, Ã‚u, TÃ­nh ráº¥t nhiá»‡t tÃ¬nh sáº½ quay láº¡i áº¡ KhÃ¡ch sáº¡n náº±m ngay trung tÃ¢m ráº¥t dá»… Ä‘á»ƒ di chuyá»ƒn .."
161,"Cháº¥t lÆ°á»£ng dá»‹ch vá»¥ tá»‘t, vá»›i cÃ¡c mÃ³n Äƒn ngon (hÆ¡i cay so vá»›i nhiá»u ngÆ°á»i), cÃ¡c báº¡n nhÃ¢n viÃªn bÃ n thÃ¢n thiá»‡n, dá»… thÆ°Æ¡ng, phá»¥c vá»¥ chu Ä‘Ã¡o, há»— trá»£ khÃ¡ch hÃ ng.NhÃ¢n viÃªn: Vy, KhÆ°Æ¡ng, TrÃ¢m, Ã‚u, Trinh, ThÃ nh."
162,"Má»™t buá»•i há»p máº·t Ä‘áº§y vui váº» ká»· niá»‡m 12 nÄƒm táº¡i khÃ¡ch sáº¡n Renaissance Riverside SÃ i GÃ²n. TÃ´i cáº£m tháº¥y ráº¥t hÃ i lÃ²ng vá» thÃ¡i Ä‘á»™ phá»¥c vá»¥ cá»§a cÃ¡c báº¡n nhÃ¢n viÃªn táº¡i Ä‘Ã¢y, cáº£m Æ¡n Vinh, Thanh, KhÆ°Æ¡ng,TrÃ¢m vÃ¬ Ä‘Ã£ chÄƒm sÃ³c bÃ n tÃ´i NICEEEEEE. Äá»“ Äƒn thá»©c uá»‘ng ngon miá»‡ng, so guddddd"
163,"KhÃ´ng gian sang trá»ng Ä‘Æ°á»£c bÃ y trÃ­ Ä‘áº¹p máº¯t , view chup hÃ¬nh sá»‘ng áº£o Ä‘áº¹p,  Ä‘á»“ Äƒn thá»©c uá»‘ng ngon miá»‡ng há»£p kháº©u vá»‹ , nhÃ¢n viÃªn phá»¥c vá»¥ nhiá»‡t tÃ¬nh chu Ä‘Ã¡o quan tÃ¢m Ä‘Ãªn khÃ¡ch . Cáº£m Æ¡n báº¡n TrÃ¢m , Trinh , Thanh , Vinh , Ã‚u , TÃ­nh Ä‘Ã£ giÃºp Ä‘á»¡ mÃ¬nh trong suá»‘t buá»•i tiá»‡c"
164,"Má»™t buá»•i chiá»u thoáº£i mÃ¡i cÃ¹ng gia Ä‘Ã¬nh, thÆ°á»Ÿng thá»©c trÃ  ngon, cÃ¡c loáº¡i bÃ¡nh ngá»t Ä‘a dáº¡ng. NhÃ¢n viÃªn Vy, Linh, Nhi phá»¥c vá»¥ táº­n tÃ¬nh, vui váº» vÃ  thÃ¢n thiá»‡n. KhÃ´ng gian Ä‘áº¹p mÃ¡t máº» vÃ  ngáº¯m Ä‘Æ°á»ng phá»‘ ráº¥t vui"
165,"TÃ´i ráº¥t thÃ­ch khÃ´ng gian cá»§a Renaissance, Ä‘á»“ Äƒn hÆ¡i ngá»t nhÆ°ng ráº¥t ngon vÃ  há»£p vá»›i tÃ´i, cÃ  phÃª cháº¥t lÆ°á»£ng ngon vÃ  Ä‘áº·c biá»‡t cháº¥t lÆ°á»£ng phá»¥c vá»¥ tá»‘t, cáº£m Æ¡n team banquet Ä‘áº·c biá»‡t lÃ  Thanh, TÃ­nh, My, Thanks you"
166,"KhÃ´ng gian sang trá»ng, bÃ n gháº¿ gá»n gÃ ng vÃ  Ãªm Ã¡i, Ä‘á»“ Äƒn ngon, trang trÃ­ Ä‘áº¹p máº¯t, nhÃ¢n viÃªn phá»¥c vá»¥ nhiá»‡t tÃ¬nh. NhÃ¢n viÃªn: Thanh, PhÆ°Æ¡ng, Yáº¿n Nhi, há»— trá»£ nhiá»‡t tÃ¬nh trÆ°á»›c trong vÃ  sau sá»± kiá»‡n cá»§a ESG - TÆ°Æ¡ng lai Viá»‡t Nam"
167,"khÃ¡ch sáº¡n cÃ³ view phÃ²ng há»p Ä‘áº¹p hÆ°á»›ng ra sÃ´ng Báº¡ch Äáº±ng, thá»©c Äƒn bÃ y trÃ­ Ä‘áº¹p máº¯t vÃ  ngon miá»‡ng, nhÃ¢n viÃªn ráº¥t nhiá»‡t tÃ¬nh, cÃ¡m Æ¡n PhÆ°Æ¡ng, My, Ã‚u Ä‘Ã£ há»— trá»£ nhÃ³m cá»§a chÃºng tÃ´i vá»›i cÃ¡c yÃªu cáº§u thay Ä‘á»•i báº¥t ngá»"
168,"NhÃ¢n viÃªn thÃ¢n thiá»‡n, nhiá»‡t tÃ¬nh, vui váº», khÃ´ng gian khÃ¡ch sáº¡n thoÃ¡ng mÃ¡t, rá»™ng rÃ£i. Náº¿u cÃ³ cÆ¡ há»™i, tÃ´i váº«n muá»‘n quay láº¡i. Cáº£m Æ¡n em ÄÄƒng, em Ã‚u, anh quáº£n lÃ½ tÃªn PhÆ°Æ¡ng! KhÃ¡ch sáº¡n cÃ³ view nhÃ¬n sang Thá»§ ThiÃªm, view thoÃ¡ng mÃ¡t, chá»¥p áº£nh sá»‘ng áº£o Ä‘áº¹p."
169,"Nhá»¯ng lÃºc tÃ¢m tráº¡ng khÃ´ng vui, Ä‘i uá»‘ng 1 ly cocktails sáº½ lÃ  lá»±a chá»n khÃ´ng tá»“i. Thanks Mr Long bartender Ä‘Ã£ lÃ m cho tÃ´i 1 ly nÆ°á»›c cÃ³ thá»ƒ láº¥y láº¡i Ä‘Æ°á»£c tinh tháº§n nÃ¨ â¤â¤â¤. CÃ¡c báº¡n nhÃ¢n viÃªn Rbar Mr SÆ¡n, Ms Linh, Ms HÃ¢n ráº¥t thÃ¢n thiá»‡n vÃ  nhiá»‡t tÃ¬nh luÃ´n. CÃ³ dá»‹p tÃ´i sáº½ quay láº¡i â¤â¤â¤â¤â¤â¤"
170,"do an ngonnhan vien phuc vu nhiet tinh: Phuong, Tram, Thanh, My khong gian am ap, moi thu deu rat chuyen nghiep, rat vui khi den day vÃ  se quay tro lai, cam on tat ca mn da mang den trai nghiem tuyet voi cho toi, hahahhhhhhhhhhhhhhhhhhhhhhhhhhhhh"
171,"Dá»‹ch vá»¥ hoÃ n háº£o, phá»¥c vá»¥ táº­n tÃ¬nh chu Ä‘Ã¡o, Ä‘á»“ Äƒn nÆ°á»›c uá»‘ng ngon. TÃ´i ráº¥t vui khi Ä‘Æ°á»£c nhÃ¢n viÃªn ÄÄƒng,Thanh, PhÆ°Æ¡ng, Ã‚u phá»¥c vá»¥ chu Ä‘Ã¡o táº­n tÃ¬nh. PhÃ²ng há»p ráº¥t Ä‘áº¹p cÃ³ view ngáº¯m toÃ n thÃ nh phá»‘. Good job."
172,"Má»™t tráº£i nghiá»‡m dá»‹ch vá»¥ tuyá»‡t vá»i táº¡i Renaissance, cáº£m Æ¡n cÃ¡c báº¡n ÄÄƒng, PhÆ°Æ¡ng, Thanh, Ã‚n Ä‘Ã£ nhiá»‡t tÃ¬nh há»— trá»£ Prudential trong suá»‘t ngÃ y há»™i tháº£o, Ä‘Ãºng vá»›i chá»§ Ä‘á» hÃ´m nay: HÃ nh trÃ¬nh tráº£i nghiá»‡m WOW!"
173,"Má»™t bá»¯a tá»‘i vui váº», ngon miá»‡ng bÃªn gia Ä‘Ã¬nh thÃ¢n yÃªuğŸ˜. MÃ³n Äƒn á»Ÿ Ä‘Ã¢y ngon, trÃ¬nh bÃ y Ä‘áº¹p máº¯t. Äáº·c biá»‡t cÃ¡c báº¡n nhÃ¢n viÃªn phá»¥c vá»¥ ráº¥t nhiá»‡t tÃ¬nh, thÃ¢n thiá»‡n. Ráº¥t cÃ¡m Æ¡n báº¡n ÄÄƒng Ä‘Ã£ ráº¥t tinh táº¿ khi quan sÃ¡t vÃ  ká»‹p thá»i nháº­n biáº¿t khÃ¡ch cáº§n gÃ¬ lÃ  Ä‘Ã¡p á»©ng liá»n luÃ´nğŸ˜"
174,"Äá»“ Äƒn ngon, nhÃ¢n viÃªn phá»¥c vá»¥ nhiá»‡t tÃ¬nh, thÃ¢n thiá»‡n, nháº¥t lÃ  nhá»¯ng báº¡n My, Nghi, Thanh. KhÃ´ng gian rá»™ng rÃ£i Ä‘áº¹p máº¯t. Trong tÆ°Æ¡ng lai náº¿u cÃ³ fipj cháº¯c cháº¯n sáº½ quay láº¡i Ä‘áº·t tiá»‡c vÃ¬ thÃ¡i Ä‘á»™ phá»¥c vá»¥ quÃ¡ tá»‘t"
175,"HÃ´m nay mÃ¬nh dá»± tiá»‡c gia Ä‘Ã¬nh cá»§a mÃ¬nh táº¡i KhÃ¡ch sáº¡n, Ä‘Æ°á»£c cÃ¡c báº¡n nhÃ¢n viÃªn Nghi, My , PhÆ°Æ¡ng, Thanh said phá»¥c vá»¥ ráº¥t chu Ä‘Ã¡o vÃ  nhiá»‡t tÃ¬nh áº¡, cÃ¡c báº¡n take care ráº¥t tá»‘t tá»«ng ngÆ°á»i vÃ  luÃ´n Ä‘á»ƒ Ã½ mng cáº§n gÃ¬ Ä‘á»ƒ há»— trá»£ . Cáº£m Æ¡n cÃ¡c báº¡n ráº¥t nhiá»u â¤ï¸ ChÃºc  khÃ¡ch sáº¡n vÃ  cÃ¡c báº¡n ngÃ y cÃ ng phÃ¡t triá»ƒn ğŸ’¯"
176,"TÃ´i ráº¥t hÃ i lÃ²ng vá»›i má»i thá»© nhÃ  hÃ ng, khÃ´ng gian thoáº£i mÃ¡i, Ä‘á»“ Äƒn ngon, nhÃ¢n viÃªn phá»¥c vá»¥ nhiá»‡t tÃ¬nh, Ä‘áº·c biá»‡t báº¡n Nhi ráº¥t tá»‘t, thÃ¡i Ä‘á»™ ráº¥t chuyÃªn nghiá»‡p, nÃªn thÃªm tÃ­ Ã¢m nháº¡c nháº¹, tÃ´i sáº½ quay láº¡i vÃ o nhá»¯ng láº§n sau"
177,"Ráº¥t Ä‘Ã¡ng Ä‘á»ƒ quay láº¡i . Äá»“ Äƒn ngon kÃ¨m theo thá»©c uá»‘ng tuyá»‡t vá»i , tuy nhiÃªn mÃ³n gÃ  hÆ¡i khÃ´ cáº§n pháº£i cáº£i thiá»‡n . NhÃ¢n viÃªn nhiá»‡t tÃ¬nh vui váº» take care khÃ¡ch ráº¥t tá»‘t . Sáº½ Ä‘áº¿n vÃ o nhá»¯ng láº§n sau . ChÃ¢n thÃ nh cÃ¡m Æ¡n"
178,"Äá»™i ngÅ© nhÃ¢n viÃªn set up phÃ²ng há»p tuyá»‡t vá»i. ÄÃ¡p á»©ng nhá»¯ng yÃªu cáº§u phÃ¡t sinh cá»§a cuá»™c há»p. Äáº·c biá»‡t báº¡n Nháº­t, PhÆ°Æ¡ng, Thanh vÃ  Ä‘á»™i ngÅ© team banquet há»— trá»£ ráº¥t nhiá»‡t tÃ¬nh vÃ  chuyÃªn nghiá»‡p. Cáº£m Æ¡n khÃ¡ch sáº¡n vÃ  team banquet. Sáº½ quay láº¡i vÃ  á»§ng há»™ khÃ¡ch sáº¡n trong nhá»¯ng láº§n tá»›i."
179,"Tráº£i nghiá»‡m tuyá»‡t vá»i khi tá»›i dÃ¹ng bá»¯a tá»‘i cÃ¹ng gia Ä‘Ã¬nh táº¡i VietKitchen. NhÃ¢n viÃªn luÃ´n há»— trá»£ nhiá»‡t tÃ¬nh. MÃ³n Äƒn ngon , vá»«a miá»‡ng ráº¥t Ä‘a dáº¡ng cÃ³ cáº£ kem cho cÃ¡c bÃ© trÃ¡ng miá»‡ng. KhÃ´ng gian áº¥m cÃºng vá»›i tÃ´ng mÃ u vÃ ng cÃ³ thá»ƒ ngáº¯m cáº£ Ä‘Æ°á»ng phá»‘ xe cá»™ qua láº¡i ráº¥t tuyá»‡t vá»i . CÃ¡m Æ¡n cÃ¡c báº¡n"
180,"CÃ´ng ty tÃ´i cÃ³ tiá»‡c buffet táº¡i khÃ¡ch sáº¡n. TÃ´i thá»±c sá»± ráº¥t tháº¥t vá»ng vá» dá»‹ch vá»¥ táº¡i Ä‘Ã¢y, thá»©c Äƒn nghÃ¨o nÃ n, Ä‘Ä©a Ä‘Ã£ dÃ¹ng rá»“i khÃ´ng Ä‘Æ°á»£c dá»n thÆ°á»ng xuyÃªn. NgoÃ i ra cÃ¡c dá»¥ng cá»¥ káº¹p thá»©c Äƒn khÃ´ng Ä‘á»§, pháº£i dÃ¹ng chung 1 cÃ¡i Ä‘á»ƒ gáº¯p tá»« cÃ¡c Ä‘Ä©a sashimi khÃ¡c nhau nÃªn ráº¥t Ä‘Ã´ng ngÆ°á»i pháº£i Ä‘á»£i nhau. Quáº§y thá»‹t nÆ°á»›ng cÃ³ 1 miáº¿ng Ä‘Ã¹i ráº¥t to thÃ¬ khÃ´ng Ä‘á»ƒ dao xáº¯t lÃ¡t nÃªn khi khÃ¡ch dÃ¹ng háº¿t nhá»¯ng miáº¿ng thá»‹t Ä‘Ã£ xáº¯t sáºµn thÃ¬ khÃ´ng thá»ƒ láº¥y thÃªm Ä‘Æ°á»£c ná»¯a vÃ¬ khÃ´ng cÃ³ dao xáº¯t vÃ  khÃ´ng cÃ³ nhÃ¢n viÃªn báº¿p Ä‘á»ƒ xáº¯t thÃªm cho khÃ¡ch mÃ£i Ä‘áº¿n 30 phÃºt sau. Hy vá»ng dá»‹ch vá»¥ nhÃ  hÃ ng sáº½ cáº£i thiá»‡n tá»‘t hÆ¡n vÃ¬ so vá»›i cÃ¡c khÃ¡ch sáº¡n khÃ¡c trong Marriot thÃ¬ tÃ´i tháº¥y nÆ¡i Ä‘Ã¢y lÃ  tá»‡ nháº¥t."
181,"PhÃ²ng sáº¡ch sáº½, view Ä‘áº¹p.NhÃ¢n viÃªn thÃ¢n thiá»‡n, dá»… thÆ°Æ¡ng tá»« khÃ¢u check in, concierge Ä‘áº¿n lÃ m phÃ²ng, nhÃ  hÃ ngThá»©c Äƒn ráº¥t ngonCáº£m Æ¡n cÃ¡c báº¡n Ä‘Ã£ cho gia Ä‘Ã¬nh chÃºng tÃ´i má»™t ká»³ nghá»‰ tháº­t thoáº£i mÃ¡i vÃ  Ä‘Ã¡ng nhá»›Will be backLove you all"
182,"TÃ´i Ä‘áº·t bÃ n cho 2 ngÆ°á»i. BÃ n cá»­a sá»• cod view sÃ´ng Ä‘áº¹p vÃ  thoáº£i mÃ¡i.ráº¥t hÃ i lÃ²ng vá» cung cÃ¡ch phá»¥c vá»¥,mÃ³n Äƒn Ä‘a dáº¡ng phong phÃº. hÃ u sá»‘ng vÃ  bÃ² ráº¥t ngon. NhÃ¢n viÃªn vui váº» nhiá»‡t tÃ¬nh báº¡n Tuáº¥n Anh. Trinh. ThÆ¡ ráº¥t táº­n tÃ¬nh vui váº»."
183,"HÃ´m nay CANON cÃ³ tá»• chá»©c sá»± kiá»‡n táº¡i Ä‘Ã¢y Ä‘á»ƒ cÃ¡m Æ¡n cÃ¡c thÃ nh viÃªn cá»§a gia Ä‘Ã¬nh CANON cÅ©ng lÃ  dá»‹p Ä‘á»ƒ má»i ngÆ°á»i gáº§n gÅ©i nhau hÆ¡n. Má»Ÿ Ä‘áº§u chÆ°Æ¡ng trÃ¬nh á»Ÿ 5F/ Atrium Lounge cho cÃ¡c bÃ© nhá» vui chÆ¡i vÃ  tiá»‡c teabreak trang trÃ­ Ä‘áº¹p, Ä‘á»“ Äƒn ngon, sáº¡ch sáº½ vÃ  khÃ´ng gian thoáº£i mÃ¡i. Sau Ä‘Ã³ má»i ngÆ°á»i dá»i xuá»‘ng táº§ng G Ä‘á»ƒ thÆ°á»Ÿng thá»©c buffet trÆ°a. NhÃ¢n viÃªn ráº¥t nhiá»‡t tÃ¬nh gá»£i Ã½ chá»— ngá»“i vÃ  sau Ä‘Ã³ hÃ ng loáº¡t thá»©c Äƒn háº¥p dáº«n hiá»‡n ra ráº¥t tÆ°Æ¡i ngon vÃ  nÃ³ng giÃ²n, cÃ¡c mÃ³n Ã¢u Ã¡ Ä‘á»§ cáº£. Thá»©c Äƒn ráº¥t tÆ°Æ¡i nháº¥t lÃ  tÃ´m cua vÃ  Ä‘Æ°á»£c fill liÃªn tá»¥c. KhÃ´ng gian Ä‘áº¹p, thá»©c Äƒn ngon, sáº¡ch sáº½ vÃ  khÃ´ng thá»ƒ khÃ´ng nháº¯c Ä‘áº¿n cÃ¡c nhÃ¢n viÃªn Tam, Vy, Duyen ráº¥t nhiá»‡t tÃ¬nh há»— trá»£ vÃ  thÃ¡i Ä‘á»™ cá»±c ká»³ thÃ¢n thiá»‡n. Cáº£m Æ¡n Renaissance, cáº£m Æ¡n cÃ¡c báº¡n nhÃ¢n viÃªn Ä‘Ã£ cho mÃ¬nh má»™t tráº£i nghiá»‡m tuyá»‡t vá»i <3"
184,"MÃ¬nh khÃ´ng hay ghi reviews, nhÆ°ng cÃ³ dá»‹p ghÃ© qua Renaissance Riverside Hotel thÃ¬ Ä‘á»ƒ láº¡i khÃ¡ nhiá»u áº¥n tÆ°á»£ng tá»‘t. MÃ¬nh tham dá»± sá»± kiá»‡n diá»…n ra á»Ÿ sáº£nh Atrium Lounge, khÃ´ng nghÄ© Ä‘Æ°á»£c trong khÃ´ng gian khÃ¡ch sáº¡n nghÄ© lÃ  nhá» mÃ  láº¡i cÃ³ má»™t cÃ¡i Lounge vá»›i thiáº¿t káº¿ khÃ´ng gian Ä‘áº¹p, tráº§n ráº¥t cao táº¡o cáº£m giÃ¡c thoáº£i mÃ¡i, phÃ¹ há»£p Ä‘á»ƒ lÃ m viá»‡c hoáº·c cÃ¡c sá»± kiá»‡n networking, hay Ä‘Æ¡n giáº£n lÃ  tÃ¬m má»™t gÃ³c im láº·ng Ä‘á»ƒ tráº§m ngÃ¢m. MÃ¬nh chÆ°a cÃ³ dá»‹p á»Ÿ láº¡i khÃ¡ch sáº¡n nhiá»u, nhÆ°ng áº¥n tÆ°á»£ng tá»« cÃ¡c báº¡n nhÃ¢n viÃªn team BnF trong sá»± kiá»‡n hÃ´m 14/8 khÃ¡ tá»‘t, cÃ¡c báº¡n thÃ¢n thiá»‡n & ráº¥t 'supportive', tá»« Ä‘Ã³ tháº¥y Ä‘Æ°á»£c dá»‹ch vá»¥ khÃ¡c biá»‡t mÃ  khÃ¡ch sáº¡n mang Ä‘áº¿n cho khÃ¡ch hÃ ng, Ä‘áº·c biá»‡t cÃ³ báº¡n nhÃ¢n viÃªn tÃªn TÃ¢m vÃ  NhÆ° Ä‘Ã£ cung cáº¥p khÃ¡ nhiá»u thÃ´ng tin thÃº vá»‹ vÃ  há»¯u Ã­ch vá» khÃ¡ch sáº¡n. CÃ³ dá»‹p mÃ¬nh sáº½ ghÃ© láº¡i khÃ¡ch sáº¡n ná»¯a. Hi vá»ng cÃ¡c báº¡n luÃ´n giá»¯ Ä‘Æ°á»£c phong cÃ¡ch phá»¥c vá»¥ chuyÃªn nghiá»‡p nhÆ° váº­y tá»›i khÃ¡ch hÃ ng. Cheers!"
185,TÃ¬nh hÃ¬nh lÃ  ngÃ y 11/11 lÃ  ngÃ y ká»· niá»‡m cá»§a mÃ¬nh vá»›i ná»­a kia. MÃ¬nh Ä‘Ã£ Ä‘áº·t biá»‡t chuáº©n bá»‹ má»™t bá»¯a tá»‘i á»Ÿ nhÃ  hÃ ng VietKitchen cá»§a khÃ¡ch sáº¡n. MÃ¬nh Ä‘Ã£ gá»i book bÃ n trÆ°á»›c tá»« ngÃ y 2/11. Chiá»u ngÃ y 11/11 mÃ¬nh gá»i Ä‘iá»‡n kiá»ƒm tra láº¡i thÃ¬ nháº­n Ä‘Æ°á»£c cÃ¢u tráº£ lá»i khÃ´ng cÃ³ bÃ n nÃ o Ä‘Æ°á»£c book báº±ng tÃªn mÃ¬nh vÃ  cÃ¡i bÃ n gáº§n cá»­a sá»• mÃ  Ä‘Ã¡ng láº½ ra lÃ  cá»§a mÃ¬nh trong tá»‘i ká»· niá»‡m Ä‘Ã£ pháº£i Ä‘á»•i thÃ nh bÃ n á»Ÿ phÃ­a trong. MÃ¬nh cá»±c ká»³ bá»±c mÃ¬nh vÃ¬ sá»± chuáº©n bá»‹ cá»§a mÃ¬nh cho ngÃ y ká»· niá»‡m bá»‹ phÃ­a nhÃ  hÃ ng phÃ¡ há»ng.Mong nhÃ  hÃ ng cáº©n tháº­n hÆ¡n trong viá»‡c Ä‘áº·t bÃ n. Cáº£m Æ¡n quÃ½ nhÃ  hÃ ng vÃ¬ Ä‘Ã£ lÃ m cho ngÃ y ká»· niá»‡m cá»§a mÃ¬nh kÃ©m hoÃ n háº£o.MÃ¬nh khÃ¡ tháº¥t vá»ng vÃ¬ cÃ¡ch lÃ m viá»‡c cá»§a má»™t nhÃ  hÃ ng Ä‘áº³ng cáº¥p thuá»™c khÃ¡ch sáº¡n 5 sao do táº­p Ä‘oÃ n Marriott quáº£n lÃ½.The problem is 11/11 is my anniversary with my love. I specially prepared a dinner at the restaurant VietKitchen. I called the front desk from November 2. On the afternoon of November 11th I called again and received the answer that no table was reservation under my name and the table near the window that should be mine in the evening had to be changed to another table. I was very upset because my preparation for the anniversary was ruined by the restaurant.I look forward to the restaurant more careful in booking the table. Thank you for your restaurant for making my anniversary less perfect.I am quite disappointed by the service of a luxury restaurant in a five star hotel managed by JW Marriott.
186,TÃ´i Ä‘Ã£ kÃ½ há»£p Ä‘á»“ng Ä‘áº·t tiá»‡c vá»›i KS. KS Ä‘Ã£ há»§y há»£p Ä‘á»“ng cá»§a tÃ´i vÃ  bÃ¡n láº¡i cho ngÆ°á»i khÃ¡c.TÃ´i gá»i Ä‘iá»‡n cho Há»“ng 0908171696 - NhÃ¢n viÃªn Sale phá»¥ trÃ¡ch thÃ¬ khÃ´ng dÃ¡m báº¯t mÃ¡y.Äá» nghá»‹ KS giáº£i quyáº¿t viá»‡c nÃ y cho tÃ´i.LiÃªn há»‡: 01217969696
187,"Ks khÃ¡ á»•n vá» phÃ²ng, sáº¡ch sáº½, mÃ¬nh thÃ­ch Ä‘á»“ dry amenities, buffet sÃ¡ng ngon, tuy nhiÃªn mÃ¬nh khÃ´ng thÃ­ch máº¥y loáº¡i nÆ°á»›c uá»‘ng, nÃ³ hÆ¡i mang váº» "" cÃ´ng nghiá»‡p"". Váº«n sáº½ quay láº¡i trong láº§n ghÃ© sg tiáº¿p theo! Hey!"
188,"Renaissance Saigon Riverside cÃ³ vá»‹ trÃ­ thuáº­n tiá»‡n Ä‘á»ƒ káº¿t ná»‘i tá»›i cÃ¡c Ä‘iá»ƒm chÃ­nh trong trung tÃ¢m thÃ nh phá»‘. Báº£n thÃ¢n tÃ´i Ä‘Ã£ á»Ÿ khÃ¡ch sáº¡n nÃ y nhiá»u láº§n trong nhiá»u nÄƒm. KhÃ¡ch sáº¡n cÅ©ng má»›i Ä‘Æ°á»£c tÃ¢n trang nÃªn trÃ´ng hiá»‡n Ä‘áº¡i vÃ  Ä‘áº¹p hÆ¡n trÆ°á»›c. Äiá»ƒm trá»« cho láº§n nÃ¢ng cáº¥p láº§n nÃ y lÃ  cÃ²n quÃ¡ Ã­t gháº¿ á»Ÿ sáº£nh chÃ­nh cho khÃ¡ch Ä‘áº¿n viáº¿ng thÄƒm vÃ  Ä‘á»£i ngÆ°á»i thÃ¢n, báº¡n bÃ¨. CÃ¡ nhÃ¢n tÃ´i ráº¥t thÃ­ch quáº§y bar trÃªn táº§ng 21 Ä‘áº·c biÃªt vÃ o ban Ä‘Ãªm."
189,"TÃ´i vÃ  gia Ä‘Ã¬nh Ä‘Ã£ cÃ³ má»™t ká»³ nghá»‰ Ä‘Ã¡ng nhá»› táº¡i Ä‘Ã¢y... vÃ  tÃ´i áº¥n tÆ°á»£ng vá»›i thá»©c Äƒn táº¡i nhÃ  hÃ ng cá»§a quÃ½ khÃ¡ch sáº¡n... nÃ³ khÃ´ng nhiá»u mÃ³n nhÆ°ng ráº¥t ngon!Báº¡n cÃ³ cÄƒn phÃ²ng Ä‘áº¹p, tÃ´i cÅ©ng ráº¥t thÃ­ch nÃ³... vÃ  khÃ¡ch sáº¡n cá»§a báº¡n Ä‘Æ°á»£c tá»a láº¡t má»™t vá»‹ trÃ­ ráº¥t tá»‘t á»Ÿ SÃ i GÃ²n, tá»« khÃ¡ch sáº¡n nÃ y báº¡n cÃ³ thá»ƒ Ä‘i bá»™ Ä‘áº¿n Ä‘Æ°á»ng Nguyá»…n Huá»‡ ráº¥t gÃ n vÃ  Ä‘áº·c biá»‡t ráº¥t gáº§n cÃ¡c trung tam mua sáº¯m...CÃ¡m Æ¡n QuÃ½ khÃ¡ch sáº¡n Ä‘Ã£ cho tÃ´i má»™t tráº£i nghiá»‡m Ä‘Ã¡ng nhá»›!"
190,"NhÃ  hÃ ng náº±m á»Ÿ táº§ng trá»‡t cá»§a khÃ¡ch sáº¡n 5sao. TÃ´i Ä‘Ã£ Äƒn buffet á»Ÿ Ä‘Ã¢y ráº¥t nhiá»u láº§n vÃ  cáº£m tháº¥y ráº¥t hÃ i lÃ²ng, nhÃ¢n viÃªn vui váº», nhiá»‡t tÃ¬nh, thá»©c Äƒn ngon, Ä‘a dáº¡ng vÃ  luÃ´n thay Ä‘á»•i, giÃ¡ khÃ´ng quÃ¡ cao so vá»›i nhiá»u khÃ¡ch sáº¡n cÃ¹ng khu vá»±c trung tÃ¢m thÃ nh phá»‘. Tuy nhiÃªn náº¿u Ä‘áº¿n Ä‘Ã¢y báº±ng taxi thÃ¬ khÃ´ng sao nhÆ°ng náº¿u Ä‘i xe mÃ¡y thÃ¬ bÃ£i gá»­i xe trong khÃ¡ch sáº¡n cÃ³ thu phÃ­ nhÃ©."
191,"Tháº» member cá»§a Club Marriott cá»§a tÃ´i háº¿t háº¡n vÃ o 30/11/2015. Khi tÃ´i gá»i Ä‘iá»‡n Ä‘áº·t phÃ²ng táº¡i Renaissance SÃ i GÃ²n Riverside (vÃ o 19/11, trong lÃºc chÆ°a háº¿t háº¡n), khÃ¡ch sáº¡n tráº£ lá»i ráº±ng Ä‘Ã£ full toÃ n bá»™ phÃ²ng cho Ä‘áº¿n háº¿t thÃ¡ng 11 vÃ  tá»« chá»‘i khÃ´ng cho tÃ´i dÃ¹ng tháº» member. TÃ´i tháº¥y nghi ngá» cÃ¢u tráº£ lá»i nÃ y, bÃ¨n gá»i láº¡i báº±ng sá»‘ mÃ¡y khÃ¡c Ä‘á»ƒ kiá»ƒm tra vÃ  Ä‘áº·t phÃ²ng thÆ°á»ng. LÃºc nÃ y nhÃ¢n viÃªn nghe Ä‘iá»‡n thoáº¡i láº¡i nÃ³i ráº±ng: BÃªn em má»i loáº¡i phÃ²ng Ä‘á»u Ä‘ang cÃ²n, anh muá»‘n Ä‘áº·t phÃ²ng nÃ o?ÄÃ¢y lÃ  cÃ¡ch lÃ m viá»‡c kiá»ƒu gÃ¬ váº­y? Tá»« chá»‘i khÃ¡ch mua tháº» Ä‘á»ƒ giá»¯ phÃ²ng? Tháº­t báº¥t ngá» vá» cÃ¡ch hÃ nh xá»­ cá»§a cÃ¡c báº¡n. Khi tÃ´i email phÃ n nÃ n váº¥n Ä‘á» thiáº¿u nháº¥t quÃ¡n nÃ y vá»›i khÃ¡ch sáº¡n, Shadi Adnan (Area Director) tháº­m chÃ­ cÃ²n cháº³ng thÃ¨m quan tÃ¢m vÃ  nháº­n lá»—i vá» sá»± dá»‘i trÃ¡ cá»§a nhÃ¢n viÃªn. TÃ¬nh cá» hÃ´m nay lÃªn Trip Advisor tÃ¬m khÃ¡ch sáº¡n Ä‘á»ƒ Ä‘i cÃ´ng tÃ¡c táº¡i SÃ i GÃ²n láº¡i nhá»› ra tráº£i nghiá»‡m khÃ´ng vui nÃ y. TÃ´i Ä‘Ã£ máº¥t hoÃ n toÃ n 300 USD mua tháº» vÃ  nháº­n vá» má»™t tráº£i nghiá»‡m kinh khá»§ng.CÃ¡c báº¡n nÃªn hÃ nh xá»­ má»™t cÃ¡ch trung thá»±c vÃ  tÃ´n trá»ng khÃ¡ch hÃ ng hÆ¡n.TÃ´i hoÃ n toÃ n máº¥t niá»m tin vÃ o há»‡ thá»‘ng cá»§a cÃ¡c báº¡n vÃ  sáº½ khÃ´ng bao giá» giá»›i thiá»‡u cho báº¥t kÃ¬ ai vá» Renaissance SÃ i GÃ²n Riverside."
192,"Má»™t khÃ¡ch sáº¡n Ä‘Æ°á»£c váº­n hÃ nh tá»‘t vá»›i nhÃ¢n viÃªn lÃ m viá»‡c hiá»‡u quáº£ vÃ  thÃ¢n thiá»‡n. Bá»¯a sÃ¡ng ngon, thá»‹nh soáº¡n nhÆ°ng nÃ¡o nhiá»‡t. Trong thá»i gian nghá»‰ ba ngÃ y á»Ÿ Ä‘Ã¢y, chÃºng tÃ´i Ä‘Ã£ cÃ³ má»™t bá»¯a tá»‘i miá»…n phÃ­ cháº¥t lÆ°á»£ng cao. Äá»‹a Ä‘iá»ƒm Ä‘áº¹p vÃ  lá»… tÃ¢n cÃ³ thá»ƒ bá»‘ trÃ­ taxi cho báº¡n má»™t cÃ¡ch dá»… dÃ ng. Báº¡n pháº£i tráº£ tiá»n wifi náº¿u báº¡n muá»‘n sá»­ dá»¥ng trong phÃ²ng. Táº§ng thÆ°á»£ng nÆ¡i cÃ³ spa, phÃ²ng táº­p thá»ƒ dá»¥c vÃ  bá»ƒ bÆ¡i cÃ³ phong cáº£nh ráº¥t Ä‘áº¹p. NhÃ¢n viÃªn lá»… tÃ¢n cáº§n tÃ¬m hiá»ƒu Ä‘Æ°á»ng Ä‘áº¿n Mecca Ä‘á»ƒ nhá»¯ng khÃ¡ch du lá»‹ch Há»“i giÃ¡o muá»‘n cáº§u nguyá»‡n nhÆ° chÃºng tÃ´i cÃ³ thá»ƒ dá»… dÃ ng tÃ¬m Ä‘Æ°á»ng Ä‘áº¿n Ä‘Ã³. Khi ghÃ© thÄƒm TP. HCM, cháº¯c cháº¯n tÃ´i váº«n muá»‘n á»Ÿ Ä‘Ã¢y"
193,
194,"PhÃ²ng sáº¡ch sáº½, view Ä‘áº¹p.NhÃ¢n viÃªn thÃ¢n thiá»‡n, dá»… thÆ°Æ¡ng tá»« khÃ¢u check in, concierge Ä‘áº¿n lÃ m phÃ²ng, nhÃ  hÃ ngThá»©c Äƒn ráº¥t ngonCáº£m Æ¡n cÃ¡c báº¡n Ä‘Ã£ cho gia Ä‘Ã¬nh chÃºng tÃ´i má»™t ká»³ nghá»‰ tháº­t thoáº£i mÃ¡i vÃ  Ä‘Ã¡ng nhá»›Will be backLove you all"
195,"TÃ´i Ä‘áº·t bÃ n cho 2 ngÆ°á»i. BÃ n cá»­a sá»• cod view sÃ´ng Ä‘áº¹p vÃ  thoáº£i mÃ¡i.ráº¥t hÃ i lÃ²ng vá» cung cÃ¡ch phá»¥c vá»¥,mÃ³n Äƒn Ä‘a dáº¡ng phong phÃº. hÃ u sá»‘ng vÃ  bÃ² ráº¥t ngon. NhÃ¢n viÃªn vui váº» nhiá»‡t tÃ¬nh báº¡n Tuáº¥n Anh. Trinh. ThÆ¡ ráº¥t táº­n tÃ¬nh vui váº»."
196,"HÃ´m nay CANON cÃ³ tá»• chá»©c sá»± kiá»‡n táº¡i Ä‘Ã¢y Ä‘á»ƒ cÃ¡m Æ¡n cÃ¡c thÃ nh viÃªn cá»§a gia Ä‘Ã¬nh CANON cÅ©ng lÃ  dá»‹p Ä‘á»ƒ má»i ngÆ°á»i gáº§n gÅ©i nhau hÆ¡n. Má»Ÿ Ä‘áº§u chÆ°Æ¡ng trÃ¬nh á»Ÿ 5F/ Atrium Lounge cho cÃ¡c bÃ© nhá» vui chÆ¡i vÃ  tiá»‡c teabreak trang trÃ­ Ä‘áº¹p, Ä‘á»“ Äƒn ngon, sáº¡ch sáº½ vÃ  khÃ´ng gian thoáº£i mÃ¡i. Sau Ä‘Ã³ má»i ngÆ°á»i dá»i xuá»‘ng táº§ng G Ä‘á»ƒ thÆ°á»Ÿng thá»©c buffet trÆ°a. NhÃ¢n viÃªn ráº¥t nhiá»‡t tÃ¬nh gá»£i Ã½ chá»— ngá»“i vÃ  sau Ä‘Ã³ hÃ ng loáº¡t thá»©c Äƒn háº¥p dáº«n hiá»‡n ra ráº¥t tÆ°Æ¡i ngon vÃ  nÃ³ng giÃ²n, cÃ¡c mÃ³n Ã¢u Ã¡ Ä‘á»§ cáº£. Thá»©c Äƒn ráº¥t tÆ°Æ¡i nháº¥t lÃ  tÃ´m cua vÃ  Ä‘Æ°á»£c fill liÃªn tá»¥c. KhÃ´ng gian Ä‘áº¹p, thá»©c Äƒn ngon, sáº¡ch sáº½ vÃ  khÃ´ng thá»ƒ khÃ´ng nháº¯c Ä‘áº¿n cÃ¡c nhÃ¢n viÃªn Tam, Vy, Duyen ráº¥t nhiá»‡t tÃ¬nh há»— trá»£ vÃ  thÃ¡i Ä‘á»™ cá»±c ká»³ thÃ¢n thiá»‡n. Cáº£m Æ¡n Renaissance, cáº£m Æ¡n cÃ¡c báº¡n nhÃ¢n viÃªn Ä‘Ã£ cho mÃ¬nh má»™t tráº£i nghiá»‡m tuyá»‡t vá»i <3"
197,"MÃ¬nh khÃ´ng hay ghi reviews, nhÆ°ng cÃ³ dá»‹p ghÃ© qua Renaissance Riverside Hotel thÃ¬ Ä‘á»ƒ láº¡i khÃ¡ nhiá»u áº¥n tÆ°á»£ng tá»‘t. MÃ¬nh tham dá»± sá»± kiá»‡n diá»…n ra á»Ÿ sáº£nh Atrium Lounge, khÃ´ng nghÄ© Ä‘Æ°á»£c trong khÃ´ng gian khÃ¡ch sáº¡n nghÄ© lÃ  nhá» mÃ  láº¡i cÃ³ má»™t cÃ¡i Lounge vá»›i thiáº¿t káº¿ khÃ´ng gian Ä‘áº¹p, tráº§n ráº¥t cao táº¡o cáº£m giÃ¡c thoáº£i mÃ¡i, phÃ¹ há»£p Ä‘á»ƒ lÃ m viá»‡c hoáº·c cÃ¡c sá»± kiá»‡n networking, hay Ä‘Æ¡n giáº£n lÃ  tÃ¬m má»™t gÃ³c im láº·ng Ä‘á»ƒ tráº§m ngÃ¢m. MÃ¬nh chÆ°a cÃ³ dá»‹p á»Ÿ láº¡i khÃ¡ch sáº¡n nhiá»u, nhÆ°ng áº¥n tÆ°á»£ng tá»« cÃ¡c báº¡n nhÃ¢n viÃªn team BnF trong sá»± kiá»‡n hÃ´m 14/8 khÃ¡ tá»‘t, cÃ¡c báº¡n thÃ¢n thiá»‡n & ráº¥t 'supportive', tá»« Ä‘Ã³ tháº¥y Ä‘Æ°á»£c dá»‹ch vá»¥ khÃ¡c biá»‡t mÃ  khÃ¡ch sáº¡n mang Ä‘áº¿n cho khÃ¡ch hÃ ng, Ä‘áº·c biá»‡t cÃ³ báº¡n nhÃ¢n viÃªn tÃªn TÃ¢m vÃ  NhÆ° Ä‘Ã£ cung cáº¥p khÃ¡ nhiá»u thÃ´ng tin thÃº vá»‹ vÃ  há»¯u Ã­ch vá» khÃ¡ch sáº¡n. CÃ³ dá»‹p mÃ¬nh sáº½ ghÃ© láº¡i khÃ¡ch sáº¡n ná»¯a. Hi vá»ng cÃ¡c báº¡n luÃ´n giá»¯ Ä‘Æ°á»£c phong cÃ¡ch phá»¥c vá»¥ chuyÃªn nghiá»‡p nhÆ° váº­y tá»›i khÃ¡ch hÃ ng. Cheers!"
198,TÃ¬nh hÃ¬nh lÃ  ngÃ y 11/11 lÃ  ngÃ y ká»· niá»‡m cá»§a mÃ¬nh vá»›i ná»­a kia. MÃ¬nh Ä‘Ã£ Ä‘áº·t biá»‡t chuáº©n bá»‹ má»™t bá»¯a tá»‘i á»Ÿ nhÃ  hÃ ng VietKitchen cá»§a khÃ¡ch sáº¡n. MÃ¬nh Ä‘Ã£ gá»i book bÃ n trÆ°á»›c tá»« ngÃ y 2/11. Chiá»u ngÃ y 11/11 mÃ¬nh gá»i Ä‘iá»‡n kiá»ƒm tra láº¡i thÃ¬ nháº­n Ä‘Æ°á»£c cÃ¢u tráº£ lá»i khÃ´ng cÃ³ bÃ n nÃ o Ä‘Æ°á»£c book báº±ng tÃªn mÃ¬nh vÃ  cÃ¡i bÃ n gáº§n cá»­a sá»• mÃ  Ä‘Ã¡ng láº½ ra lÃ  cá»§a mÃ¬nh trong tá»‘i ká»· niá»‡m Ä‘Ã£ pháº£i Ä‘á»•i thÃ nh bÃ n á»Ÿ phÃ­a trong. MÃ¬nh cá»±c ká»³ bá»±c mÃ¬nh vÃ¬ sá»± chuáº©n bá»‹ cá»§a mÃ¬nh cho ngÃ y ká»· niá»‡m bá»‹ phÃ­a nhÃ  hÃ ng phÃ¡ há»ng.Mong nhÃ  hÃ ng cáº©n tháº­n hÆ¡n trong viá»‡c Ä‘áº·t bÃ n. Cáº£m Æ¡n quÃ½ nhÃ  hÃ ng vÃ¬ Ä‘Ã£ lÃ m cho ngÃ y ká»· niá»‡m cá»§a mÃ¬nh kÃ©m hoÃ n háº£o.MÃ¬nh khÃ¡ tháº¥t vá»ng vÃ¬ cÃ¡ch lÃ m viá»‡c cá»§a má»™t nhÃ  hÃ ng Ä‘áº³ng cáº¥p thuá»™c khÃ¡ch sáº¡n 5 sao do táº­p Ä‘oÃ n Marriott quáº£n lÃ½.The problem is 11/11 is my anniversary with my love. I specially prepared a dinner at the restaurant VietKitchen. I called the front desk from November 2. On the afternoon of November 11th I called again and received the answer that no table was reservation under my name and the table near the window that should be mine in the evening had to be changed to another table. I was very upset because my preparation for the anniversary was ruined by the restaurant.I look forward to the restaurant more careful in booking the table. Thank you for your restaurant for making my anniversary less perfect.I am quite disappointed by the service of a luxury restaurant in a five star hotel managed by JW Marriott.
199,TÃ´i Ä‘Ã£ kÃ½ há»£p Ä‘á»“ng Ä‘áº·t tiá»‡c vá»›i KS. KS Ä‘Ã£ há»§y há»£p Ä‘á»“ng cá»§a tÃ´i vÃ  bÃ¡n láº¡i cho ngÆ°á»i khÃ¡c.TÃ´i gá»i Ä‘iá»‡n cho Há»“ng 0908171696 - NhÃ¢n viÃªn Sale phá»¥ trÃ¡ch thÃ¬ khÃ´ng dÃ¡m báº¯t mÃ¡y.Äá» nghá»‹ KS giáº£i quyáº¿t viá»‡c nÃ y cho tÃ´i.LiÃªn há»‡: 01217969696
200,"Ks khÃ¡ á»•n vá» phÃ²ng, sáº¡ch sáº½, mÃ¬nh thÃ­ch Ä‘á»“ dry amenities, buffet sÃ¡ng ngon, tuy nhiÃªn mÃ¬nh khÃ´ng thÃ­ch máº¥y loáº¡i nÆ°á»›c uá»‘ng, nÃ³ hÆ¡i mang váº» "" cÃ´ng nghiá»‡p"". Váº«n sáº½ quay láº¡i trong láº§n ghÃ© sg tiáº¿p theo! Hey!"
201,"Renaissance Saigon Riverside cÃ³ vá»‹ trÃ­ thuáº­n tiá»‡n Ä‘á»ƒ káº¿t ná»‘i tá»›i cÃ¡c Ä‘iá»ƒm chÃ­nh trong trung tÃ¢m thÃ nh phá»‘. Báº£n thÃ¢n tÃ´i Ä‘Ã£ á»Ÿ khÃ¡ch sáº¡n nÃ y nhiá»u láº§n trong nhiá»u nÄƒm. KhÃ¡ch sáº¡n cÅ©ng má»›i Ä‘Æ°á»£c tÃ¢n trang nÃªn trÃ´ng hiá»‡n Ä‘áº¡i vÃ  Ä‘áº¹p hÆ¡n trÆ°á»›c. Äiá»ƒm trá»« cho láº§n nÃ¢ng cáº¥p láº§n nÃ y lÃ  cÃ²n quÃ¡ Ã­t gháº¿ á»Ÿ sáº£nh chÃ­nh cho khÃ¡ch Ä‘áº¿n viáº¿ng thÄƒm vÃ  Ä‘á»£i ngÆ°á»i thÃ¢n, báº¡n bÃ¨. CÃ¡ nhÃ¢n tÃ´i ráº¥t thÃ­ch quáº§y bar trÃªn táº§ng 21 Ä‘áº·c biÃªt vÃ o ban Ä‘Ãªm."
202,"TÃ´i vÃ  gia Ä‘Ã¬nh Ä‘Ã£ cÃ³ má»™t ká»³ nghá»‰ Ä‘Ã¡ng nhá»› táº¡i Ä‘Ã¢y... vÃ  tÃ´i áº¥n tÆ°á»£ng vá»›i thá»©c Äƒn táº¡i nhÃ  hÃ ng cá»§a quÃ½ khÃ¡ch sáº¡n... nÃ³ khÃ´ng nhiá»u mÃ³n nhÆ°ng ráº¥t ngon!Báº¡n cÃ³ cÄƒn phÃ²ng Ä‘áº¹p, tÃ´i cÅ©ng ráº¥t thÃ­ch nÃ³... vÃ  khÃ¡ch sáº¡n cá»§a báº¡n Ä‘Æ°á»£c tá»a láº¡t má»™t vá»‹ trÃ­ ráº¥t tá»‘t á»Ÿ SÃ i GÃ²n, tá»« khÃ¡ch sáº¡n nÃ y báº¡n cÃ³ thá»ƒ Ä‘i bá»™ Ä‘áº¿n Ä‘Æ°á»ng Nguyá»…n Huá»‡ ráº¥t gÃ n vÃ  Ä‘áº·c biá»‡t ráº¥t gáº§n cÃ¡c trung tam mua sáº¯m...CÃ¡m Æ¡n QuÃ½ khÃ¡ch sáº¡n Ä‘Ã£ cho tÃ´i má»™t tráº£i nghiá»‡m Ä‘Ã¡ng nhá»›!"
203,"NhÃ  hÃ ng náº±m á»Ÿ táº§ng trá»‡t cá»§a khÃ¡ch sáº¡n 5sao. TÃ´i Ä‘Ã£ Äƒn buffet á»Ÿ Ä‘Ã¢y ráº¥t nhiá»u láº§n vÃ  cáº£m tháº¥y ráº¥t hÃ i lÃ²ng, nhÃ¢n viÃªn vui váº», nhiá»‡t tÃ¬nh, thá»©c Äƒn ngon, Ä‘a dáº¡ng vÃ  luÃ´n thay Ä‘á»•i, giÃ¡ khÃ´ng quÃ¡ cao so vá»›i nhiá»u khÃ¡ch sáº¡n cÃ¹ng khu vá»±c trung tÃ¢m thÃ nh phá»‘. Tuy nhiÃªn náº¿u Ä‘áº¿n Ä‘Ã¢y báº±ng taxi thÃ¬ khÃ´ng sao nhÆ°ng náº¿u Ä‘i xe mÃ¡y thÃ¬ bÃ£i gá»­i xe trong khÃ¡ch sáº¡n cÃ³ thu phÃ­ nhÃ©."
204,"Tháº» member cá»§a Club Marriott cá»§a tÃ´i háº¿t háº¡n vÃ o 30/11/2015. Khi tÃ´i gá»i Ä‘iá»‡n Ä‘áº·t phÃ²ng táº¡i Renaissance SÃ i GÃ²n Riverside (vÃ o 19/11, trong lÃºc chÆ°a háº¿t háº¡n), khÃ¡ch sáº¡n tráº£ lá»i ráº±ng Ä‘Ã£ full toÃ n bá»™ phÃ²ng cho Ä‘áº¿n háº¿t thÃ¡ng 11 vÃ  tá»« chá»‘i khÃ´ng cho tÃ´i dÃ¹ng tháº» member. TÃ´i tháº¥y nghi ngá» cÃ¢u tráº£ lá»i nÃ y, bÃ¨n gá»i láº¡i báº±ng sá»‘ mÃ¡y khÃ¡c Ä‘á»ƒ kiá»ƒm tra vÃ  Ä‘áº·t phÃ²ng thÆ°á»ng. LÃºc nÃ y nhÃ¢n viÃªn nghe Ä‘iá»‡n thoáº¡i láº¡i nÃ³i ráº±ng: BÃªn em má»i loáº¡i phÃ²ng Ä‘á»u Ä‘ang cÃ²n, anh muá»‘n Ä‘áº·t phÃ²ng nÃ o?ÄÃ¢y lÃ  cÃ¡ch lÃ m viá»‡c kiá»ƒu gÃ¬ váº­y? Tá»« chá»‘i khÃ¡ch mua tháº» Ä‘á»ƒ giá»¯ phÃ²ng? Tháº­t báº¥t ngá» vá» cÃ¡ch hÃ nh xá»­ cá»§a cÃ¡c báº¡n. Khi tÃ´i email phÃ n nÃ n váº¥n Ä‘á» thiáº¿u nháº¥t quÃ¡n nÃ y vá»›i khÃ¡ch sáº¡n, Shadi Adnan (Area Director) tháº­m chÃ­ cÃ²n cháº³ng thÃ¨m quan tÃ¢m vÃ  nháº­n lá»—i vá» sá»± dá»‘i trÃ¡ cá»§a nhÃ¢n viÃªn. TÃ¬nh cá» hÃ´m nay lÃªn Trip Advisor tÃ¬m khÃ¡ch sáº¡n Ä‘á»ƒ Ä‘i cÃ´ng tÃ¡c táº¡i SÃ i GÃ²n láº¡i nhá»› ra tráº£i nghiá»‡m khÃ´ng vui nÃ y. TÃ´i Ä‘Ã£ máº¥t hoÃ n toÃ n 300 USD mua tháº» vÃ  nháº­n vá» má»™t tráº£i nghiá»‡m kinh khá»§ng.CÃ¡c báº¡n nÃªn hÃ nh xá»­ má»™t cÃ¡ch trung thá»±c vÃ  tÃ´n trá»ng khÃ¡ch hÃ ng hÆ¡n.TÃ´i hoÃ n toÃ n máº¥t niá»m tin vÃ o há»‡ thá»‘ng cá»§a cÃ¡c báº¡n vÃ  sáº½ khÃ´ng bao giá» giá»›i thiá»‡u cho báº¥t kÃ¬ ai vá» Renaissance SÃ i GÃ²n Riverside."
205,"Má»™t khÃ¡ch sáº¡n Ä‘Æ°á»£c váº­n hÃ nh tá»‘t vá»›i nhÃ¢n viÃªn lÃ m viá»‡c hiá»‡u quáº£ vÃ  thÃ¢n thiá»‡n. Bá»¯a sÃ¡ng ngon, thá»‹nh soáº¡n nhÆ°ng nÃ¡o nhiá»‡t. Trong thá»i gian nghá»‰ ba ngÃ y á»Ÿ Ä‘Ã¢y, chÃºng tÃ´i Ä‘Ã£ cÃ³ má»™t bá»¯a tá»‘i miá»…n phÃ­ cháº¥t lÆ°á»£ng cao. Äá»‹a Ä‘iá»ƒm Ä‘áº¹p vÃ  lá»… tÃ¢n cÃ³ thá»ƒ bá»‘ trÃ­ taxi cho báº¡n má»™t cÃ¡ch dá»… dÃ ng. Báº¡n pháº£i tráº£ tiá»n wifi náº¿u báº¡n muá»‘n sá»­ dá»¥ng trong phÃ²ng. Táº§ng thÆ°á»£ng nÆ¡i cÃ³ spa, phÃ²ng táº­p thá»ƒ dá»¥c vÃ  bá»ƒ bÆ¡i cÃ³ phong cáº£nh ráº¥t Ä‘áº¹p. NhÃ¢n viÃªn lá»… tÃ¢n cáº§n tÃ¬m hiá»ƒu Ä‘Æ°á»ng Ä‘áº¿n Mecca Ä‘á»ƒ nhá»¯ng khÃ¡ch du lá»‹ch Há»“i giÃ¡o muá»‘n cáº§u nguyá»‡n nhÆ° chÃºng tÃ´i cÃ³ thá»ƒ dá»… dÃ ng tÃ¬m Ä‘Æ°á»ng Ä‘áº¿n Ä‘Ã³. Khi ghÃ© thÄƒm TP. HCM, cháº¯c cháº¯n tÃ´i váº«n muá»‘n á»Ÿ Ä‘Ã¢y"
